best_uci,collapse_best_bits,collapse_deep_alt_bits,collapse_greedy_bits,collapse_key_bits,collapse_random_bits,deep_alt_uci,greedy_uci,key_uci,kind,local_cost_best,local_cost_deep_alt,local_cost_greedy,local_cost_key,local_cost_random,p_win_base,p_win_best,p_win_deep_alt,p_win_greedy,p_win_key,p_win_random,potential_bits,puzzle_id,random_uci,rating,specificity_js_bits,themes,useful_shift_best,useful_shift_deep_alt,useful_shift_greedy,useful_shift_key,useful_shift_random
,,0.0,0.0,0.0,0.0,d6d3,d6d3,c7d7,sacrifice,,-5.0,-5.0,0.0,-5.0,1.0,,0.0,0.0,1.0,0.0,-0.0,02LtX,d6d3,1820,0.9999999999985575,exposedKing long mate mateIn3 middlegame pillsburysMate sacrifice,,-1.0,-1.0,0.0,-1.0
,,-1.0720809548839212,-1.5596860514952977,0.0,0.0,h6f7,h6f7,f1f8,sacrifice,,-3.0,-3.0,4.0,-5.0,1.0,,0.21875,0.21875,1.0,0.0,-0.0,01oma,g1h1,1985,0.5862624674794253,kingsideAttack long mate mateIn3 middlegame sacrifice smotheredMate,,-0.78125,-0.78125,0.0,-1.0
,,-1.2372983448152632,-1.373689844084022,0.0,-0.20062232431271465,c2c4,c2e2,c2d2,sacrifice,,-3.0,-3.0,-3.0,-4.0,1.0,,0.0,0.03125,1.0,0.0,-0.0,00Wyh,e4c5,1846,0.9999999999963933,endgame mate mateIn2 sacrifice short,,-1.0,-0.96875,0.0,-1.0
,,-0.973397117295888,-1.6136841496927703,0.0,-0.3372900666170139,d8e8,d8e8,c2f2,sacrifice,,0.0,0.0,-8.0,-13.0,1.0,,0.125,0.125,1.0,0.0625,-0.0,01FmQ,g7g6,1806,0.7169171866872567,long mate mateIn3 middlegame pin sacrifice,,-0.875,-0.875,0.0,-0.9375
,,-0.7310644431995964,-0.20062232431271465,0.0,0.0,c1c2,c1c2,c7d6,sacrifice,,0.0,0.0,0.0,0.0,1.0,,0.03125,0.03125,1.0,0.0,-0.0,03JMe,g1f1,1999,0.8989842822036335,attraction long mate mateIn3 middlegame sacrifice,,-0.96875,-0.96875,0.0,-1.0
,,-1.5435644431995963,-1.6896905092405703,0.0,-0.20062232431271465,e1f1,e1f1,g6f8,sacrifice,,0.0,0.0,0.0,-13.0,1.0,,0.4375,0.15625,1.0,0.03125,-0.0,00vuv,f5f3,2062,0.3627987332819589,discoveredCheck doubleCheck long mate mateIn3 middlegame sacrifice,,-0.5625,-0.84375,0.0,-0.96875
,,-1.3244602933016414,-1.5538146570363986,0.0,-0.8394734356069651,d2d3,d2d3,g3g2,sacrifice,,-3.0,-3.0,-8.0,-9.0,1.0,,0.6875,0.5625,1.0,0.09375,-0.0,024nn,g3f2,2314,0.17724328895398028,kingsideAttack mate mateIn2 middlegame sacrifice short xRayAttack,,-0.3125,-0.4375,0.0,-0.90625
,,-1.6992840955380735,-1.291100274797962,0.0,-0.6685644431995964,g5f3,g5f3,h5h6,sacrifice,,-1.0,-1.0,-8.0,1.0,1.0,,0.375,0.3125,1.0,0.0625,-0.0,01faz,c4a6,1804,0.41882123106918956,kingsideAttack mate mateIn2 middlegame pillsburysMate sacrifice short,,-0.625,-0.6875,0.0,-0.9375
,,-1.2015093751988053,-1.5939514568588302,0.0,-0.5349547231656377,d7b7,d7b7,d7d8,sacrifice,,1.0,1.0,-4.0,0.0,1.0,,0.03125,0.125,1.0,0.0625,-0.0,03lYP,e1e3,1807,0.8989842822036336,mate mateIn2 middlegame operaMate sacrifice short,,-0.96875,-0.875,0.0,-0.9375
,,-1.778831049386756,-2.1020341619085974,0.0,-0.3997900666170139,h1g1,h1g1,a6a7,sacrifice,,0.0,0.0,0.0,0.0,1.0,,0.375,0.1875,1.0,0.03125,-0.0,00LRq,g2g4,2253,0.41882123106918956,advancedPawn discoveredCheck doubleCheck mate mateIn4 middlegame promotion queensideAttack sacrifice veryLong,,-0.625,-0.8125,0.0,-0.96875
,,-1.079439161649138,-0.9744894033980523,0.0,-1.168645033308507,b1d2,d3d4,h1h7,sacrifice,,-1.0,-1.0,-4.0,-1.0,1.0,,0.3125,0.40625,1.0,0.46875,-0.0,03CZE,e1f1,1862,0.4803429561261464,attraction kingsideAttack mate mateIn4 middlegame sacrifice veryLong,,-0.6875,-0.59375,0.0,-0.53125
,,-1.1635002846457883,-1.4216744278153235,-0.20062232431271465,-1.5538146570363986,g4e2,g4e2,g4g3,sacrifice,,5.0,5.0,-6.0,5.0,1.0,,0.65625,0.53125,0.96875,0.5625,-0.0,03M6W,g4e2,1957,0.16626560398126047,kingsideAttack long mate mateIn3 middlegame pin sacrifice,,-0.34375,-0.46875,-0.03125,-0.4375
,,-1.51675116337108,-1.696212260125146,0.0,-1.0594873517384964,f6g5,f6g5,f6g7,sacrifice,,0.0,0.0,-9.0,-5.0,1.0,,0.40625,0.40625,1.0,0.125,-0.0,01B5q,f6f5,2140,0.39019260938844286,attraction discoveredCheck doubleCheck long mate mateIn3 middlegame pin sacrifice,,-0.59375,-0.59375,0.0,-0.875
,,-2.122098505552562,-2.2871017527145816,0.0,-1.300870058859033,d8a8,d8a8,d8h8,sacrifice,,0.0,0.0,-5.0,-5.0,1.0,,0.34375,0.21875,1.0,0.03125,-0.0,03Iup,d8d5,1956,0.448818177384928,attraction deflection endgame long master mate mateIn3 pin sacrifice,,-0.65625,-0.78125,0.0,-0.96875
,,0.24201871244132733,0.6388511112942504,-0.40930468885216786,0.6388511112942504,e3g4,e3g4,g3h3,sacrifice,,-4.0,-4.0,-4.0,-1.0,0.84375,,0.03125,0.0,0.75,0.03125,0.8394734356069651,03vMK,c8d8,1928,0.5563164170406347,attraction crushing master middlegame sacrifice short,,-0.8125,-0.84375,-0.09375,-0.8125
,,-0.4488644887230294,-0.7380636700495734,0.0,-0.20062232431271465,c5f2,c5f2,f5g3,sacrifice,,0.0,0.0,0.0,-9.0,1.0,,0.09375,0.125,1.0,0.03125,-0.0,02YEp,c5d6,2320,0.7692184673288044,kingsideAttack long mate mateIn3 middlegame sacrifice,,-0.90625,-0.875,0.0,-0.96875
,,-0.3372900666170139,-0.8394734356069651,0.0,-0.20062232431271465,d6c5,b5c6,d5b6,sacrifice,,-1.0,0.0,-3.0,-3.0,1.0,,0.0625,0.09375,1.0,0.03125,-0.0,02I6H,d5c3,1881,0.828535365585036,long mate mateIn3 middlegame queensideAttack sacrifice,,-0.9375,-0.90625,0.0,-0.96875
,,-2.0979221338080105,-2.0769471481133035,0.0,-1.8655074211313076,b7b3,b7b3,h8g7,sacrifice,,-5.0,-5.0,-9.0,-5.0,1.0,,0.21875,0.1875,1.0,0.28125,-0.0,02dIM,b7b3,2180,0.5862624674779826,attraction epauletteMate long master mate mateIn3 middlegame sacrifice,,-0.78125,-0.8125,0.0,-0.71875
,,-0.5974547231656377,-0.20062232431271465,0.0,-0.947169235259032,b5b4,b5b4,d4a4,sacrifice,,0.0,0.0,-5.0,-3.0,1.0,,0.03125,0.0,1.0,0.21875,-0.0,012LI,e6d5,2224,0.8989842822036335,endgame master mate mateIn2 sacrifice short,,-0.96875,-1.0,0.0,-0.78125
,,-2.044452269213598,-1.7278082974885984,0.0,0.0,b7e7,b7e7,b7b2,sacrifice,,3.0,3.0,-4.0,-3.0,1.0,,0.125,0.125,1.0,0.0,-0.0,02D70,d5b4,1812,0.716917186685814,mate mateIn2 middlegame sacrifice short,,-0.875,-0.875,0.0,-1.0
,,-1.811278124459133,-1.8518023618267063,0.0,-0.20062232431271465,f5e7,f5e7,f5h6,sacrifice,,0.0,0.0,-3.0,-9.0,1.0,,0.28125,0.15625,1.0,0.03125,-0.0,01t6f,e4c4,1856,0.51358895036648,discoveredAttack kingsideAttack mate mateIn2 middlegame sacrifice short,,-0.71875,-0.84375,0.0,-0.96875
,,-2.12412761699852,-1.7959585933443498,0.0,-0.8873068828532795,b8h8,b8h8,c6b4,sacrifice,,-3.0,-3.0,-3.0,-5.0,1.0,,0.3125,0.5,1.0,0.1875,-0.0,005wy,b8g8,2031,0.4803429561247037,long mate mateIn3 middlegame queensideAttack sacrifice,,-0.6875,-0.5,0.0,-0.8125
,,-0.24198778518758912,-0.1175891810852594,-0.08577784425180668,0.5711326944556078,a4a5,a4a5,a6b7,sacrifice,,0.0,0.0,0.0,0.0,0.40625,,0.21875,0.28125,0.4375,0.03125,1.4341963645051812,02aCK,a6a5,1970,0.07273019899653684,advancedPawn crushing endgame master masterVsMaster quietMove sacrifice veryLong,,-0.1875,-0.125,0.03125,-0.375
,,-1.7847881926787388,-1.619888351662371,0.0,-0.3997900666170139,h4h5,h4h5,g3g8,sacrifice,,0.0,0.0,-9.0,-3.0,1.0,,0.4375,0.40625,1.0,0.03125,-0.0,00rqm,e5g6,1837,0.3627987332819589,cornerMate kingsideAttack mate mateIn2 middlegame sacrifice short,,-0.5625,-0.59375,0.0,-0.96875
,,-1.1011875102535664,-0.8236265988617779,0.4183013975671984,-0.021381971422752777,d5e7,d5e7,e4f5,sacrifice,,-3.0,-3.0,-6.0,-9.0,0.8125,,0.28125,0.125,0.9375,0.09375,0.8180914641842123,01Z4Y,h1g1,1913,0.4686830604848964,attraction crushing fork long middlegame sacrifice,,-0.53125,-0.6875,0.125,-0.71875
,,-0.065702689282636,-0.007506571152661845,0.0561657034512244,1.399107822338106,e7e5,e7e5,g5e6,sacrifice,,-9.0,-9.0,-3.0,-9.0,0.34375,,0.3125,0.25,0.4375,0.03125,1.5997301466508207,02u8i,e2g3,2211,0.04590646759737181,attraction crushing deflection discoveredAttack master middlegame pin sacrifice veryLong,,-0.03125,-0.09375,0.09375,-0.3125
,,0.24730344968953677,0.0,-0.10542919883753288,0.8064024947458948,f1e3,f1e3,e2e5,sacrifice,,0.0,0.0,3.0,0.0,0.53125,,0.3125,0.28125,0.46875,0.15625,1.624493958930107,019PB,h5g4,2199,0.07992394674363701,advantage long middlegame sacrifice,,-0.21875,-0.25,-0.0625,-0.375
,,-0.845673720868557,-0.8693923492474047,0.40491241643338594,-0.6966257430602449,e5e3,e5e3,h4h3,sacrifice,,-2.0,-2.0,-5.0,0.0,0.75,,0.1875,0.1875,0.875,0.34375,1.049886625190374,02Yz2,g7h7,2361,0.4594787300910371,advantage defensiveMove endgame long sacrifice,,-0.5625,-0.5625,0.125,-0.40625
,,1.3219975460479603,1.856952269213598,-0.39001784240272497,1.6563299449008833,d3f1,d3f1,f8f1,sacrifice,,0.0,0.0,0.0,0.0,0.3125,,0.0625,0.0,0.28125,0.03125,1.856952269213598,01JEA,f8a8,2230,0.41472960817907834,advantage middlegame sacrifice veryLong,,-0.25,-0.3125,-0.03125,-0.28125
,,-0.7310644431995964,-0.9698024945677542,0.0,-1.0594873517384964,f4d5,f4d5,d8d2,sacrifice,,0.0,0.0,-6.0,-3.0,1.0,,0.0625,0.0625,1.0,0.125,-0.0,03Bol,d8c7,2044,0.8285353655835932,mate mateIn2 middlegame sacrifice short,,-0.9375,-0.9375,0.0,-0.875
,,-0.13859210838088387,0.2770204093618007,0.33850659901691404,0.49253906411929305,a2a3,a2a3,g3g6,sacrifice,,0.0,0.0,-4.0,-9.0,0.4375,,0.28125,0.125,0.34375,0.21875,1.6271200190032142,005f3,c3c4,1903,0.05217982780564907,crushing endgame sacrifice veryLong,,-0.15625,-0.3125,-0.09375,-0.21875
,,-0.1645455037963155,-0.18016672362315722,-0.04093887700334964,1.637875780033049,b3c3,b3c3,c7a7,sacrifice,,0.0,-3.0,-3.0,-9.0,0.5625,,0.375,0.46875,0.5625,0.0,1.637875780033049,03owL,c7a5,2267,0.11752890327868076,advancedPawn crushing exposedKing long middlegame promotion sacrifice,,-0.1875,-0.09375,0.0,-0.5625
,,0.0,0.11157442210601554,-0.5209380058447248,0.0,c3c2,h5f4,h3g3,sacrifice,,-5.0,-3.0,-5.0,-9.0,0.90625,,0.09375,0.0,0.8125,0.09375,0.4488644887230294,03ZFL,c3a1,1924,0.5581438699359844,crushing fork long middlegame sacrifice,,-0.8125,-0.90625,-0.09375,-0.8125
,,0.21471141885240175,1.1294232615907114,0.7810047413373369,1.043333027148103,f1h3,a7c7,a3a4,sacrifice,,0.0,0.0,-3.0,-5.0,0.5,,0.21875,0.09375,0.8125,0.0625,1.7743974703476995,026QC,h2h4,2285,0.33951527304567514,crushing endgame long sacrifice,,-0.28125,-0.40625,0.3125,-0.4375
,,0.22843887700334964,0.3133986373392079,1.0677800984327832,0.07831991958364282,d7g4,d7g4,d7h3,sacrifice,,-9.0,-9.0,-4.0,0.0,0.46875,,0.15625,0.1875,0.84375,0.15625,1.9072535340397483,00UQj,f7f6,2372,0.375885932473354,advancedPawn crushing master middlegame sacrifice short,,-0.3125,-0.28125,0.375,-0.3125
,,-0.4921670695866729,-0.49244766268517637,0.1760202203561303,-0.2140148621687683,f1g1,f1g1,f4e6,sacrifice,,0.0,0.0,-3.0,0.0,0.71875,,0.125,0.21875,0.75,0.1875,1.2372983448152632,02yr2,g4g1,2115,0.3246294882685101,crushing endgame long sacrifice,,-0.59375,-0.5,0.03125,-0.53125
,,-1.0197427927054945,-1.1644959028593345,0.3312743765825825,-0.23873805136815784,b4b6,b4b6,b4b3,sacrifice,,0.0,0.0,-4.0,0.0,0.875,,0.5,0.28125,0.9375,0.0,0.7310644431995964,01kad,b8b6,2168,0.211461148925633,advantage fork middlegame sacrifice veryLong,,-0.375,-0.59375,0.0625,-0.875
,,-0.8091632641800919,-0.5234073948887235,-0.13589111079989924,0.8263402175297607,d3e4,d3e4,c1h6,sacrifice,,1.0,1.0,0.0,0.0,0.625,,0.15625,0.09375,0.625,0.03125,1.4237949406953985,013zx,g4h3,1817,0.22300362247174715,crushing middlegame pin sacrifice veryLong,,-0.46875,-0.53125,0.0,-0.59375
,,-0.3988167793336097,-0.7976382122509205,-0.09189405340997747,0.9089929974761132,d7f5,d7f5,e7e4,sacrifice,,0.0,0.0,-2.0,-1.0,0.625,,0.1875,0.25,0.71875,0.0,1.1096153217888278,03fz5,d7g4,1972,0.3249100648473947,advantage middlegame sacrifice skewer veryLong,,-0.4375,-0.375,0.09375,-0.625
,,-1.0748289262197412,-1.228395773273422,-0.5107144544095594,0.03890976555739167,c8b8,c8b8,b6c5,sacrifice,,0.0,0.0,-2.0,-5.0,0.84375,,0.28125,0.34375,0.75,0.125,0.7769734356069651,001xO,e7f5,1876,0.2148123979646192,crushing master masterVsMaster middlegame sacrifice short,,-0.5625,-0.5,-0.09375,-0.71875
,,-0.4808789764635657,-0.5044692109061741,0.1420220234603089,0.8017193085817914,b3b2,b3b2,a5a4,sacrifice,,0.0,0.0,0.0,0.0,0.71875,,0.40625,0.40625,0.78125,0.0,1.2015093751988053,00WoW,f7f5,2158,0.12766314812299046,advancedPawn advantage endgame long master quietMove sacrifice,,-0.3125,-0.3125,0.0625,-0.71875
,,-0.9308927290103626,-1.160897117295888,0.0,-0.3372900666170139,f1f8,f1f8,g3g7,sacrifice,,0.0,0.0,-8.0,-5.0,1.0,,0.03125,0.0625,1.0,0.0,-0.0,04E5q,g3g6,1809,0.8989842822036335,endgame mate mateIn2 pin sacrifice short,,-0.96875,-0.9375,0.0,-1.0
,,-0.25633259590584023,-0.1931986547765685,0.36499430560874835,-0.28368420920897086,e3e2,e3e2,h6h3,sacrifice,,-1.0,-1.0,-4.0,-1.0,0.59375,,0.09375,0.125,0.71875,0.0625,1.6525939152501619,01M2U,h8g8,2261,0.4583774799369378,advancedPawn advantage endgame long master sacrifice,,-0.5,-0.46875,0.125,-0.53125
,,0.07831991958364282,0.14967676021341103,0.2523941501447531,0.8302632821965176,d8d7,d8d7,d6g3,sacrifice,,0.0,0.0,0.0,-9.0,0.5625,,0.15625,0.0625,0.65625,0.0625,1.693326952246091,02MgP,c7e7,1953,0.22840430244268597,advancedPawn advantage kingsideAttack middlegame sacrifice veryLong,,-0.40625,-0.5,0.09375,-0.5
,,-0.24201554237171186,-0.3070006000737213,-0.10308938446396265,-0.08646222897522882,f2d4,f2d4,g3g6,sacrifice,,0.0,0.0,-4.0,0.0,0.46875,,0.4375,0.28125,0.46875,0.3125,1.7683751799593277,01A5W,f2f3,2359,0.044688780435220524,advancedPawn attraction crushing discoveredCheck doubleCheck endgame interference intermezzo sacrifice veryLong,,-0.03125,-0.1875,0.0,-0.15625
,,-0.8256821688425087,-0.8228049734979561,0.1535018031041786,0.9620655657038099,h5g6,h5g6,g1g7,sacrifice,,0.0,0.0,-4.0,-9.0,0.75,,0.34375,0.1875,0.78125,0.03125,1.1626878900165245,02JQH,a2a3,1844,0.1805395519809339,attraction crushing kingsideAttack long middlegame sacrifice,,-0.40625,-0.5625,0.03125,-0.71875
,,-1.0558927290103626,-1.3029191407561969,0.0,0.0,b2a2,b2a2,g1g7,sacrifice,,5.0,5.0,1.0,0.0,1.0,,0.0625,0.09375,1.0,0.0,-0.0,0556F,g1g4,2141,0.8285353655828719,attraction discoveredCheck doubleCheck kingsideAttack long mate mateIn3 middlegame sacrifice,,-0.9375,-0.90625,0.0,-1.0
,,-0.24729384369484264,-0.1612792582137632,0.018264129292148823,-0.4558876785477233,e8b8,e8b8,e8c6,sacrifice,,-1.0,0.0,-5.0,-5.0,0.5625,,0.25,0.21875,0.6875,0.3125,1.4913146570363986,020fP,e8d7,2290,0.19406831037508054,advantage middlegame sacrifice short,,-0.3125,-0.34375,0.125,-0.25
,,0.0593087138217101,0.08261878926161015,-0.03921145426945016,1.3790409827697423,d3e4,d3e4,h5f6,sacrifice,,0.0,0.0,-2.0,-3.0,0.4375,,0.1875,0.40625,0.46875,0.0,1.778831049386756,02ooN,f2f4,1938,0.0823662258015575,advantage kingsideAttack long master middlegame sacrifice,,-0.25,-0.03125,0.03125,-0.4375
,,0.2397001852262166,0.2214910566452022,1.3671489034872188,0.7158255021937237,c3d2,c3d2,e1e7,sacrifice,,0.0,0.0,-2.0,0.0,0.46875,,0.15625,0.1875,0.90625,0.125,1.9021036266528566,013U2,g3f1,2191,0.48583642993899645,attraction crushing exposedKing long middlegame sacrifice,,-0.3125,-0.28125,0.4375,-0.34375
,,0.05138865973394968,0.13982595194763436,0.8125,0.8995270209846159,g1g4,c1b1,g1g7,sacrifice,,0.0,0.0,-4.0,-9.0,0.40625,,0.25,0.34375,0.8125,0.03125,1.6305914641842123,038oE,h5g5,2132,0.2737321762753393,attraction crushing kingsideAttack long middlegame sacrifice,,-0.15625,-0.0625,0.40625,-0.375
,,-0.3861239000710741,-0.570642309391586,-0.12090092911458061,0.9010799922420191,h6f5,h6f5,h6f7,sacrifice,,-1.0,-1.0,-3.0,-1.0,0.6875,,0.53125,0.4375,0.65625,0.0,1.300870058859033,008LT,h1e1,2188,0.0896879648732389,crushing kingsideAttack middlegame pin sacrifice short,,-0.15625,-0.25,-0.03125,-0.6875
,,0.0,0.0,0.0,0.0,c2d3,c2d3,g1g7,sacrifice,,3.0,3.0,1.0,-3.0,1.0,,0.0,0.0,1.0,0.0,-0.0,05DXA,g1b1,2169,0.9999999999985575,attraction discoveredCheck doubleCheck kingsideAttack mate mateIn4 middlegame pillsburysMate sacrifice veryLong,,-1.0,-1.0,0.0,-1.0
,,0.1513390358509219,0.26414030067707217,1.3560161807454962,1.0174821952211537,f5e6,f5e6,b4b8,sacrifice,,0.0,0.0,0.0,-3.0,0.34375,,0.21875,0.28125,0.84375,0.0,2.0940798507950698,00P81,c2d3,2245,0.3395428886455668,advancedPawn crushing discoveredAttack discoveredCheck endgame long sacrifice,,-0.125,-0.0625,0.5,-0.34375
,,0.11001948559135033,0.0,-0.5159229085388999,0.6449742087569881,h2h3,h2h3,f5c5,sacrifice,,0.0,0.0,3.0,-3.0,0.875,,0.0625,0.09375,0.78125,0.0,0.6449742087569881,042sX,g3d6,2298,0.5836059147925813,crushing fork middlegame sacrifice veryLong,,-0.8125,-0.78125,-0.09375,-0.875
,,-0.22026161277480827,-0.39301296036624067,0.5555983798998096,1.1730675197713074,h4f2,h4e1,g5e6,sacrifice,,0.0,0.0,-3.0,-9.0,0.71875,,0.125,0.09375,0.8125,0.0,1.373689844084022,01Xw1,g1h1,2143,0.5483443920576175,clearance crushing intermezzo long middlegame sacrifice,,-0.59375,-0.625,0.09375,-0.71875
,,-1.2261134199863002,-0.8960382325345575,0.0,0.0,b2d4,a2a3,b2f6,sacrifice,,-1.0,-1.0,-2.0,-9.0,1.0,,0.34375,0.3125,1.0,0.0,-0.0,055N4,g6g7,1806,0.44881817738637075,advancedPawn exposedKing fork long mate mateIn3 middlegame promotion sacrifice,,-0.65625,-0.6875,0.0,-1.0
,,-0.8440472443468403,-0.5940472443468403,0.15658669678243142,0.9879416634739245,f1a6,f1a6,e7e1,sacrifice,,0.0,0.0,0.0,0.0,0.53125,,0.125,0.25,0.5,0.0,1.3252317300909384,03zQT,e7e2,2330,0.36008408683631954,crushing discoveredAttack discoveredCheck middlegame sacrifice veryLong,,-0.40625,-0.28125,-0.03125,-0.53125
,,-0.06498685481166189,0.42465552318238853,1.0641240165882477,1.256953075549037,h7f6,h7g5,d8d1,sacrifice,,0.0,0.0,-5.0,-9.0,0.40625,,0.3125,0.65625,0.8125,0.15625,1.88221548077246,004Op,c6e4,2253,0.21984352848352662,crushing deflection kingsideAttack middlegame pin sacrifice skewer veryLong,,-0.09375,0.25,0.40625,-0.25
,,0.06609462272813382,0.3909229085389,0.7221972851214825,1.1219873517384964,b7c6,b7c6,d1d5,sacrifice,,0.0,0.0,-4.0,-5.0,0.78125,,0.03125,0.03125,0.9375,0.0,1.1219873517384964,03N7A,d1d4,2242,0.7609564821447089,advantage attraction deflection middlegame pin sacrifice veryLong,,-0.75,-0.75,0.15625,-0.78125
,,0.2656259199242428,-0.33583344657013003,-0.5246410709440805,-0.07938799620728854,e2g2,e2g2,e2h5,sacrifice,,-3.0,-3.0,-6.0,-9.0,0.28125,,0.09375,0.21875,0.65625,0.125,1.0425993555312079,00ZEW,h4f5,2201,0.4210321311869972,advantage discoveredAttack discoveredCheck long middlegame pin sacrifice,,-0.1875,-0.0625,0.375,-0.15625
,,-1.4027375677821285,-1.198192411043098,0.0,-0.7310644431995964,f4e5,f4e5,a6c6,sacrifice,,-3.0,-3.0,-8.0,-3.0,1.0,,0.5625,0.3125,1.0,0.0625,-0.0,04QBi,a6a5,1975,0.26352875839198264,clearance mate mateIn2 middlegame queensideAttack sacrifice short,,-0.4375,-0.6875,0.0,-0.9375
,,-1.5138041520729417,-1.6523105116207422,0.20062232431271465,-1.8047468845676726,f2f4,f2f4,b3b6,sacrifice,,-3.0,-3.0,-9.0,-3.0,0.96875,,0.53125,0.53125,1.0,0.375,0.20062232431271465,05RSR,f2f4,1875,0.2869700928042511,long mate mateIn3 middlegame pin sacrifice,,-0.4375,-0.4375,0.03125,-0.59375
,,-0.2692424042366348,-0.37557087870621575,0.24555433956294226,0.9052516246844248,g4e3,g4e3,g4f2,sacrifice,,0.0,0.0,-2.0,-3.0,0.65625,,0.375,0.1875,0.78125,0.03125,1.3050416913014387,01UsT,g8h8,2022,0.15459981916953475,advantage attackingF2F7 attraction defensiveMove long middlegame sacrifice,,-0.28125,-0.46875,0.125,-0.625
,,-0.202472941563145,-0.0795220234603089,0.383923681688923,0.9213650274257817,c5d5,c5c4,g7g3,sacrifice,,-9.0,0.0,-4.0,-9.0,0.78125,,0.0625,0.0625,0.84375,0.03125,1.1219873517384964,0459E,c8b7,1948,0.74322006750445,crushing deflection kingsideAttack middlegame pin sacrifice veryLong,,-0.71875,-0.71875,0.0625,-0.75
,,-0.44476992639010593,-0.5695335691912307,0.12907777107481966,0.6098791686420181,g3g2,g3g2,a6e2,sacrifice,,0.0,0.0,0.0,0.0,0.75,,0.15625,0.25,0.8125,0.0,0.947169235259032,04iZY,a6a5,2174,0.40434158132962444,crushing deflection exposedKing fork middlegame sacrifice veryLong,,-0.59375,-0.5,0.0625,-0.75
,,0.03839411849280472,0.3663019299826986,0.17845555850231754,1.0242468619819074,a5a4,a5a4,a5d5,sacrifice,,-5.0,-5.0,-5.0,-9.0,0.59375,,0.25,0.09375,0.53125,0.0625,1.755311305181504,00CXr,f7c4,1908,0.06424433632551586,advantage long middlegame sacrifice,,-0.34375,-0.5,-0.0625,-0.53125
,,-0.5389955143904751,-0.43243584144619185,-0.0870270209846159,-0.862790453500944,c7c6,c7c6,f8d6,sacrifice,,3.0,3.0,0.0,0.0,0.875,,0.65625,0.65625,0.8125,0.53125,0.7310644431995964,0634Z,c7d7,2072,0.0398430572661993,crushing defensiveMove fork long middlegame sacrifice,,-0.21875,-0.21875,-0.0625,-0.34375
,,0.0,0.0,0.0,0.0,f3g2,f3g2,a1a8,sacrifice,,-5.0,-5.0,-5.0,-9.0,1.0,,0.0,0.0,1.0,0.0,-0.0,07OUg,a1a5,2322,0.9999999999985575,attraction discoveredCheck doubleCheck mate mateIn5 middlegame queensideAttack sacrifice veryLong,,-1.0,-1.0,0.0,-1.0
,,-1.9086089622410276,-0.5349547231656377,0.0,-0.8394734356069651,e6f7,e4f6,e4d6,sacrifice,,-3.0,-3.0,-3.0,-5.0,1.0,,0.3125,0.0625,1.0,0.09375,-0.0,063qZ,g5h6,2234,0.48034295612542505,discoveredCheck doubleCheck mate mateIn2 middlegame pillsburysMate sacrifice short,,-0.6875,-0.9375,0.0,-0.90625
,,-0.6469268021044206,-0.2888608050293857,0.2164192934033975,0.5209380058447248,b4b1,b4b1,c8c6,sacrifice,,0.0,0.0,-8.0,-9.0,0.8125,,0.0625,0.0625,0.84375,0.0625,1.0558927290103626,04Kar,b4d4,1858,0.6794425060216429,crushing endgame master sacrifice short skewer,,-0.75,-0.75,0.03125,-0.75
,,-0.8366288819607308,-0.8036431593702318,1.0481558001464184,-0.8814626904850149,c3d5,c3d5,e2e7,sacrifice,,1.0,1.0,-6.0,0.0,0.75,,0.21875,0.4375,0.96875,0.21875,1.248778124459133,018eM,e1c1,2072,0.5095792498817087,advantage attraction fork long middlegame sacrifice,,-0.53125,-0.3125,0.21875,-0.53125
,,-0.251441177034363,-0.5102174275552205,-0.2294391600642085,-0.5037120919670497,d2e4,d2e4,f3e4,sacrifice,,-2.0,-2.0,0.0,0.0,0.625,,0.34375,0.21875,0.53125,0.28125,1.6737949406953985,00UI2,d2b1,2090,0.12109892568082117,clearance crushing fork middlegame sacrifice veryLong,,-0.28125,-0.40625,-0.09375,-0.34375
,,-1.6778910678975336,-1.796347787303608,0.20062232431271465,-1.9436252386480932,d5d3,d5d3,f4c7,sacrifice,,0.0,0.0,0.0,-1.0,0.96875,,0.28125,0.28125,1.0,0.375,0.20062232431271465,05Ba5,d5d3,2080,0.51358895036648,attackingF2F7 deflection long mate mateIn3 middlegame sacrifice,,-0.6875,-0.6875,0.03125,-0.59375
,,-1.7891252115595062,-1.6583452185347238,0.0,-1.7431278286033818,g2g4,g2g4,f8f7,sacrifice,,0.0,0.0,-3.0,0.0,1.0,,0.21875,0.15625,1.0,0.09375,-0.0,064Uf,f2f3,1834,0.5862624674779826,master mate mateIn2 middlegame sacrifice short,,-0.78125,-0.84375,0.0,-0.90625
,,-2.1578874751690202,-2.1578874751690202,-0.20062232431271465,-0.20062232431271465,h7h6,h7h6,f3f5,sacrifice,,0.0,0.0,-4.0,-9.0,1.0,,0.28125,0.28125,0.96875,0.0,-0.0,06DT8,h7g7,1834,0.4685495990860065,endgame killBoxMate mate mateIn2 sacrifice short,,-0.71875,-0.71875,-0.03125,-1.0
,,-0.8479383203763935,-0.5769684934058592,0.0625,0.9308927290103626,c5b5,c5b5,e1e6,sacrifice,,1.0,1.0,-4.0,4.0,0.8125,,0.375,0.1875,0.8125,0.0,0.9308927290103626,05FjS,c5a7,2314,0.1749891106241434,crushing middlegame sacrifice short,,-0.4375,-0.625,0.0,-0.8125
,,0.09494707507237665,-0.03506748254445036,0.5126286334053534,0.0716004412261495,a3a4,a3a4,d3f5,sacrifice,,0.0,0.0,-2.0,0.0,0.375,,0.1875,0.09375,0.59375,0.15625,2.0804399385868573,05Ewv,g1f1,2040,0.23161879671905408,advantage discoveredAttack discoveredCheck endgame fork sacrifice veryLong,,-0.1875,-0.28125,0.21875,-0.21875
,,-0.1280350471078502,-0.24476434378002532,0.9876250670625824,-0.05857196815397536,c1e3,c1e3,d4b5,sacrifice,,-3.0,-3.0,-3.0,-3.0,0.28125,,0.21875,0.21875,0.6875,0.0625,2.03022442259379,00vf5,g2g3,2162,0.36043999673398885,crushing long opening sacrifice,,-0.0625,-0.0625,0.40625,-0.21875
,,-0.4172690033705333,-0.770077300859132,0.14645287217033376,0.07929819452812881,b6b5,b6b5,f6h5,sacrifice,,-3.0,-3.0,5.0,0.0,0.6875,,0.5,0.28125,0.75,0.21875,1.4341407621868583,04JfE,g8f8,2358,0.0680209517912424,crushing middlegame sacrifice short,,-0.1875,-0.40625,0.0625,-0.46875
,,-1.1872350995930192,-1.122921928026036,0.7302704046976479,0.9308927290103626,d5c4,d5c4,d5g2,sacrifice,,0.0,0.0,-6.0,0.0,0.8125,,0.1875,0.3125,0.96875,0.0,0.9308927290103626,04DZk,d5d8,1965,0.5570332837815253,crushing discoveredAttack discoveredCheck kingsideAttack long opening sacrifice,,-0.625,-0.5,0.15625,-0.8125
,,-0.2500000000000002,0.028604792059435447,0.7102778398133445,1.735655800146418,d5e3,d5e3,d5b6,sacrifice,,0.0,-1.0,-3.0,-6.0,0.375,,0.1875,0.4375,0.65625,0.03125,1.9362781244591327,06Fnc,h8b8,1956,0.31416269696537374,advantage endgame long queensideAttack sacrifice,,-0.1875,0.0625,0.28125,-0.34375
,,0.10500438828552527,-0.2988829612307424,0.3437424396536831,1.0748068828532795,e4f5,e4f5,d5e5,sacrifice,,0.0,0.0,-2.0,-9.0,0.78125,,0.09375,0.125,0.875,0.0,1.0748068828532795,06J6T,a6e6,2179,0.5841599148710376,crushing master middlegame sacrifice short,,-0.6875,-0.65625,0.09375,-0.78125
,,-1.154375880068424,-0.6232312706458252,-0.7786543929964167,-0.8813717829277588,f2e3,g2g3,d3f5,sacrifice,,0.0,0.0,-3.0,0.0,0.84375,,0.4375,0.625,0.5625,0.5625,0.7769734356069651,05WEO,f2g1,1801,0.09809009211899293,advancedPawn bishopEndgame crushing endgame master sacrifice short,,-0.40625,-0.21875,-0.28125,-0.28125
,,0.341368535765739,0.5563010532212886,0.13882275176209746,0.5182919626682716,e7e4,e7e4,f4h3,sacrifice,,0.0,0.0,-2.0,-1.0,0.4375,,0.21875,0.28125,0.4375,0.1875,1.719801337867077,05YyB,g5h4,2301,0.05971516546940529,crushing fork middlegame sacrifice veryLong,,-0.21875,-0.15625,0.0,-0.25
,,-0.21280996691030785,-0.020486678623848453,-0.10969770900739051,0.7880770839757828,f4h2,f4h2,h4h2,sacrifice,,0.0,0.0,0.0,-3.0,0.4375,,0.1875,0.15625,0.78125,0.0,0.9886994082884974,06LQW,f4c1,2342,0.34150916319288793,attraction kingsideAttack mate mateIn4 middlegame sacrifice veryLong,,-0.25,-0.28125,0.34375,-0.4375
,,-0.22473014665082092,-0.0673688204115277,-0.23773611772976144,-0.2257265375346469,f6g4,f6g4,e5h2,sacrifice,,0.0,0.0,1.0,0.0,0.5,,0.25,0.28125,0.3125,0.09375,1.875,05IZx,e5d6,1826,0.01265315764439489,advantage attraction clearance kingsideAttack long opening sacrifice,,-0.25,-0.21875,-0.1875,-0.40625
,,-0.4872151275242076,-0.31385542820127954,0.3392916204924523,1.2452696994281525,b4c3,b4c3,c6d4,sacrifice,,0.0,0.0,-2.0,-3.0,0.5625,,0.15625,0.28125,0.65625,0.0625,1.7802244225937902,047oD,e4f3,1804,0.23408885265461343,advantage fork middlegame pin sacrifice veryLong,,-0.40625,-0.28125,0.09375,-0.5
,,0.8598106599311084,1.1643293723724357,0.14546943850167482,1.6992840955380735,e4f6,e4f6,d2c3,sacrifice,,-3.0,-3.0,-3.0,0.0,0.46875,,0.09375,0.0625,0.5625,0.0,1.6992840955380735,04R0B,g2f1,2097,0.24486645510277538,advantage middlegame pin sacrifice short,,-0.375,-0.40625,0.09375,-0.46875
,,0.30076191117960294,0.19674897827231108,0.9604591963010854,-0.1504431481249986,b6f6,b6f6,f4h6,sacrifice,,-1.0,-1.0,0.0,0.0,0.6875,,0.125,0.28125,0.9375,0.15625,1.3602492629180993,07Ivz,f4e5,2347,0.595593020912462,crushing endgame quietMove sacrifice veryLong,,-0.5625,-0.40625,0.25,-0.53125
,,-2.246970111616323,-2.1287451922921394,0.0,-1.7164015396241123,c6a6,c6a6,d1d6,sacrifice,,1.0,1.0,-2.0,-9.0,1.0,,0.21875,0.125,1.0,0.125,-0.0,06FKc,c6c3,1883,0.5862624674779826,mate mateIn2 middlegame sacrifice short,,-0.78125,-0.875,0.0,-0.875
,,0.16461599403367178,-0.04931058775998576,0.8290946567708328,-0.10518155833297671,c2c4,d2e3,f4f5,sacrifice,,0.0,0.0,0.0,0.0,0.59375,,0.5625,0.46875,0.78125,0.4375,1.7164015396241123,06n2c,b3b4,1955,0.06275467036620008,advancedPawn crushing endgame long pawnEndgame sacrifice,,-0.03125,-0.125,0.1875,-0.15625
,,-0.6239308174982579,-0.570642309391586,0.040177647815935025,0.9010799922420191,f4h2,f4h2,h8h1,sacrifice,,0.0,0.0,-5.0,-9.0,0.6875,,0.21875,0.34375,0.625,0.03125,1.300870058859033,07AUs,b7b6,2011,0.1540809234159773,crushing deflection exposedKing kingsideAttack long middlegame sacrifice,,-0.46875,-0.34375,-0.0625,-0.65625
,,-1.014097655573916,-1.1359768596329824,0.0,-0.4488644887230294,h6h5,h6h5,h6f8,sacrifice,,0.0,0.0,-4.0,-9.0,1.0,,0.0,0.0625,1.0,0.09375,-0.0,084QE,c4f7,1906,0.9999999999971148,kingsideAttack long mate mateIn3 middlegame sacrifice,,-1.0,-0.9375,0.0,-0.90625
,,-1.6149917740667208,-1.8825874753050804,0.0,-0.20062232431271465,a5b5,a5b5,a5c3,sacrifice,,0.0,0.0,-6.0,-9.0,1.0,,0.59375,0.40625,1.0,0.03125,-0.0,06OET,h8g8,1918,0.2408895361678649,mate mateIn2 middlegame queensideAttack sacrifice short,,-0.40625,-0.59375,0.0,-0.96875
,,0.030413118945753492,-0.12049067553269732,0.16900522732663736,1.595502922017137,c8e8,c8d8,c8c1,sacrifice,,0.0,0.0,0.0,-5.0,0.34375,,0.28125,0.28125,0.4375,0.0,1.7961252463298516,07Hgf,c8c4,2187,0.05462044943053327,crushing middlegame quietMove sacrifice short,,-0.0625,-0.0625,0.09375,-0.34375
,,-1.040717778400202,-1.205935168331544,-0.069499226849977,-0.42983267409629156,d8e6,b3c4,e7f8,sacrifice,,0.0,3.0,-4.0,0.0,0.875,,0.21875,0.21875,0.84375,0.0625,0.6685644431995964,05CIO,e1c1,2261,0.3167598901080494,attraction crushing fork long master middlegame pin sacrifice,,-0.65625,-0.65625,-0.03125,-0.8125
,,-1.8707727753663166,-1.5660957387332757,0.0,-0.13666774230429923,d7e6,d7e6,f7g7,sacrifice,,0.0,0.0,-4.0,-9.0,0.96875,,0.40625,0.5625,0.96875,0.0625,0.20062232431271465,09IzA,c4c5,1973,0.32721071444792094,dovetailMate endgame mate mateIn2 sacrifice short,,-0.5625,-0.40625,0.0,-0.90625
,,-0.07971329279067696,0.23197947130423224,0.6901204074720741,-0.01825232877765881,f6g4,f6g4,d6h2,sacrifice,,0.0,0.0,-2.0,-3.0,0.4375,,0.375,0.28125,0.5,0.28125,2.024402629071872,05USr,d8e7,1805,0.11029272024600169,advantage attraction kingsideAttack opening sacrifice short,,-0.0625,-0.15625,0.0625,-0.15625
,,-1.6654328359334567,-1.334282221599798,0.0,-0.9308927290103626,g2d5,g2d5,a8b8,sacrifice,,-3.0,-3.0,-6.0,-3.0,1.0,,0.53125,0.4375,1.0,0.125,-0.0,0A9Zd,b6d4,1806,0.28697009280352975,attraction mate mateIn2 middlegame operaMate pillsburysMate queensideAttack sacrifice short,,-0.46875,-0.5625,0.0,-0.875
,,-1.3252317300909384,-1.6992840955380735,0.0,-1.3050416913014387,h7h8,h7h8,e5d7,sacrifice,,0.0,0.0,-3.0,0.0,1.0,,0.40625,0.46875,1.0,0.25,-0.0,08SXD,c2a4,2219,0.3901926093884429,mate mateIn2 middlegame sacrifice short,,-0.59375,-0.53125,0.0,-0.75
,,-0.7051254008844254,-1.0828340887316104,-0.8597662177183003,0.6449742087569881,h4g4,h4g4,g8g2,sacrifice,,0.0,0.0,-4.0,-9.0,0.875,,0.125,0.21875,0.65625,0.0,0.6449742087569881,077SA,d7e8,2088,0.31770524699762037,attraction crushing kingsideAttack middlegame sacrifice short,,-0.75,-0.65625,-0.21875,-0.875
,,-1.1345809548839212,-1.5016144718101818,0.0,-1.2575318729867573,h8h3,h8h3,h2h1,sacrifice,,0.0,0.0,-9.0,0.0,1.0,,0.71875,0.625,1.0,0.6875,-0.0,0AHmy,h2h6,1967,0.1572990741455707,mate mateIn2 middlegame sacrifice short,,-0.28125,-0.375,0.0,-0.3125
,,-0.5480759851654187,-0.9102911126896263,0.7798241360582753,0.2674958502475091,d3f4,d3f4,g8g2,sacrifice,,-5.0,-5.0,-4.0,-3.0,0.71875,,0.25,0.3125,0.875,0.03125,1.3233885792578717,05Vzs,g8h8,1925,0.34970896787891914,advantage attraction fork long master middlegame sacrifice,,-0.46875,-0.40625,0.15625,-0.6875
,,-0.12423586782483675,0.02341693966678915,-0.1659819807332772,0.846346945486464,c1f4,c1f4,d1g4,sacrifice,,1.0,1.0,-3.0,-3.0,0.5,,0.09375,0.0625,0.46875,0.03125,1.6858203810934291,0542a,e1f1,2009,0.14572131354336493,crushing opening sacrifice short,,-0.40625,-0.4375,-0.03125,-0.46875
,,0.16392502415311916,0.21290340600959157,0.2989936404522,1.0286543929964167,h6h7,h6h7,c8f8,sacrifice,,-1.0,-1.0,-2.0,-8.0,0.5625,,0.25,0.3125,0.5625,0.125,1.7667180630459902,09G02,c8b8,2118,0.09821924570956882,advancedPawn crushing endgame long promotion sacrifice,,-0.3125,-0.25,0.0,-0.4375
,,-0.11099325198334009,0.19221466601442128,-0.04292354623649941,0.6257214870720076,h4e7,h4e7,e2e6,sacrifice,,0.0,0.0,-2.0,0.0,0.5,,0.125,0.09375,0.46875,0.03125,1.8744996115311405,05kaj,g2g4,1994,0.14524202419173604,advantage fork middlegame sacrifice veryLong,,-0.375,-0.40625,-0.03125,-0.46875
,,-0.1274590096774617,-0.2717923214713527,-0.06842364555674885,-0.02220696110712872,g8h7,g8h7,c4f4,sacrifice,,0.0,0.0,0.0,-3.0,0.1875,,0.25,0.09375,0.34375,0.0625,1.5084321011224375,04tY2,c4e4,2028,0.08221225569066475,crushing defensiveMove endgame long sacrifice,,0.0625,-0.09375,0.15625,-0.125
,,-1.5237516322372207,-1.6654328359334567,0.0,-0.20062232431271465,d6f4,d6f4,g4h2,sacrifice,,0.0,0.0,-3.0,-9.0,1.0,,0.28125,0.3125,1.0,0.03125,-0.0,09Xh7,f8b8,1805,0.51358895036648,clearance mate mateIn2 middlegame sacrifice short,,-0.71875,-0.6875,0.0,-0.96875
,,-0.7158255021937237,-0.7538422830129412,0.32321445440955954,-0.32659765557391607,b2b3,b2b3,h6g7,sacrifice,,0.0,0.0,-2.0,-9.0,0.75,,0.46875,0.5,0.84375,0.125,1.186278124459133,08HOd,g3b3,2023,0.15982311627491252,crushing endgame long pin sacrifice,,-0.28125,-0.25,0.09375,-0.625
,,-1.1385317645287825,-0.9785500308174151,0.133923681688923,-0.9475614760484614,g6e4,g6e4,e8e4,sacrifice,,0.0,0.0,-2.0,0.0,0.78125,,0.34375,0.34375,0.84375,0.25,1.0594873517384964,07Gpo,a7a6,2313,0.21039984110832788,crushing defensiveMove middlegame sacrifice short,,-0.4375,-0.4375,0.0625,-0.53125
,,0.020286598947789614,0.4479014238097827,0.1929248111987103,1.3202002346838932,g5f5,g5f5,e2b2,sacrifice,,0.0,0.0,-4.0,-9.0,0.40625,,0.28125,0.28125,0.34375,0.0,1.855154957849531,07TO9,g5h4,1861,0.02015246793703889,attraction crushing endgame master sacrifice short,,-0.125,-0.125,-0.0625,-0.40625
,,0.7769734356069651,0.7769734356069651,-0.08609023444260833,0.7769734356069651,c8d8,c8d8,e8e6,sacrifice,,-1.0,-1.0,-2.0,-1.0,0.84375,,0.0,0.0,0.84375,0.0,0.7769734356069651,0AGUY,c8b8,1880,0.8989842822036335,crushing middlegame sacrifice short,,-0.84375,-0.84375,0.0,-0.84375
,,-1.1876283939362393,-0.9088404482794106,-0.2859185202533745,-0.09308946129258533,f7f5,f7f5,d4g4,sacrifice,,0.0,0.0,-2.0,-5.0,0.875,,0.34375,0.5625,0.8125,0.125,0.6449742087569881,08ODH,d4f4,2091,0.17804995085321745,advantage fork long middlegame sacrifice,,-0.53125,-0.3125,-0.0625,-0.75
,,-2.174886625190374,-2.1831573285181993,0.0,-2.222288192678739,c4d3,c4d3,d1d8,sacrifice,,0.0,0.0,0.0,0.0,1.0,,0.1875,0.25,1.0,0.15625,-0.0,09UOO,h4f4,2003,0.6263832733325942,attraction endgame long mate mateIn3 sacrifice,,-0.8125,-0.75,0.0,-0.84375
,,-0.7884520221916879,-0.8086102272032382,-0.26531953111478324,0.2763234012934951,e6e7,e6e7,d6e5,sacrifice,,0.0,0.0,-3.0,-3.0,0.75,,0.5,0.4375,0.75,0.0625,0.8112781244591328,07Oac,d6b4,2340,0.10130848793185768,advancedPawn crushing endgame master promotion sacrifice veryLong,,-0.25,-0.3125,0.0,-0.6875
,,-0.416939653941069,-0.4523566290249066,0.972906499250584,-0.6358859520757265,e3c5,f1d1,d3c3,sacrifice,,0.0,0.0,-2.0,0.0,0.65625,,0.5,0.34375,0.90625,0.125,1.5078612224162218,06com,f1b1,1962,0.17594653891808595,crushing long middlegame sacrifice,,-0.15625,-0.3125,0.25,-0.53125
,,-0.10584383847330936,0.04468975858217372,0.10642562640701048,0.5312691478674572,e2f3,e2f3,d2d5,sacrifice,,0.0,0.0,0.0,0.0,0.53125,,0.15625,0.0625,0.5,0.03125,1.6672460075004396,0889m,e2f2,2255,0.2505357191190831,crushing endgame fork sacrifice veryLong,,-0.375,-0.46875,-0.03125,-0.5
,,0.09631390637800208,0.46573663230163453,0.49244766268517637,1.6152139176303333,f4e5,f4e5,f4g4,sacrifice,,0.0,0.0,-2.0,-9.0,0.53125,,0.09375,0.09375,0.71875,0.03125,1.815836241943048,080T4,h2h4,1851,0.4393577463230368,crushing master masterVsMaster middlegame sacrifice short,,-0.4375,-0.4375,0.1875,-0.5
,,-0.26786428962532804,-0.32833517817936997,0.4791031948088491,0.5773038840501963,e4f5,e4f5,c3d5,sacrifice,,0.0,0.0,-3.0,0.0,0.59375,,0.3125,0.375,0.71875,0.125,1.7399917740667208,07tRI,a1a2,2179,0.18653940908038602,advantage fork long middlegame sacrifice,,-0.28125,-0.21875,0.125,-0.46875
,,0.23873805136815784,0.7691801702550396,0.023116407655408233,0.42623805136815784,h6f6,h6f6,h6h2,sacrifice,,-5.0,-5.0,-5.0,-5.0,0.8125,,0.0625,0.03125,0.78125,0.125,0.9698024945677542,08qdE,h6g6,1802,0.4798457349525874,crushing deflection long middlegame sacrifice,,-0.75,-0.78125,-0.03125,-0.6875
,,-0.4554424701288846,-0.8969131470780651,0.267495850247509,-0.7702891304898174,g8h8,g8h8,b7e7,sacrifice,,0.0,0.0,-2.0,0.0,0.71875,,0.4375,0.34375,0.8125,0.40625,1.2372983448152632,06lCK,g8h8,1888,0.15334366703143382,advancedPawn crushing endgame promotion sacrifice veryLong,,-0.28125,-0.375,0.09375,-0.3125
,,-0.9816402630531937,-1.21197806045661,-0.5635640237775694,-0.6159143705008836,e3f2,e3f2,d1d5,sacrifice,,0.0,0.0,-2.0,-1.0,0.875,,0.1875,0.3125,0.6875,0.15625,0.6449742087569881,08QRR,e3d2,1855,0.2956451006951838,advantage endgame long pin sacrifice,,-0.6875,-0.5625,-0.1875,-0.71875
,,-0.7430044223282244,-0.41773480844815913,-0.04358584615708305,-0.6205543395629423,a3a2,a3a2,b2b1,sacrifice,,-9.0,-9.0,-4.0,-9.0,0.78125,,0.1875,0.25,0.8125,0.1875,0.8873068828532795,09rSX,b8c8,1884,0.3917747499232196,advancedPawn crushing endgame long promotion sacrifice,,-0.59375,-0.53125,0.03125,-0.59375
,,-0.3372900666170139,-0.20062232431271465,0.0,-0.3372900666170139,c8c3,c8c3,a6g6,sacrifice,,0.0,0.0,-8.0,-5.0,1.0,,0.0,0.0,1.0,0.0625,-0.0,0BS2P,c8c6,1923,0.9999999999978361,attraction mate mateIn2 middlegame sacrifice short,,-1.0,-1.0,0.0,-0.9375
,,-0.7478373358936299,-0.8579755481445503,0.13589111079989902,-0.5348912847808827,e2d4,e2d4,e2f4,sacrifice,,-3.0,-3.0,-3.0,0.0,0.6875,,0.34375,0.375,0.6875,0.28125,1.2575318729867573,08WWs,e6c5,2239,0.13699141535451878,crushing long master middlegame sacrifice,,-0.34375,-0.3125,0.0,-0.40625
,,0.5650066071916107,0.15554250207127684,0.11221957479472833,0.6039163727490022,d8f6,d8f6,c7h2,sacrifice,,-3.0,-3.0,-2.0,0.0,0.28125,,0.0625,0.125,0.21875,0.125,1.7259037244874986,08WoA,e4f6,1804,0.044024980764653374,attraction crushing kingsideAttack long master middlegame sacrifice,,-0.21875,-0.15625,-0.0625,-0.15625
,,-0.20062232431271465,-1.0558927290103626,0.0,-0.3997900666170139,h5h4,f3e2,h5g5,sacrifice,,-1.0,0.0,-3.0,0.0,1.0,,0.0,0.0625,1.0,0.03125,-0.0,0ARwj,b3b4,2083,0.999999999997836,exposedKing mate mateIn4 middlegame sacrifice veryLong,,-1.0,-0.9375,0.0,-0.96875
,,-1.3218847866691474,-1.4513132069840315,0.0,-0.3372900666170139,f3f6,f3f6,f3g4,sacrifice,,1.0,1.0,-9.0,0.0,1.0,,0.15625,0.1875,1.0,0.0625,-0.0,0AeID,h6f4,2383,0.669685405407396,deflection kingsideAttack long mate mateIn3 middlegame operaMate sacrifice,,-0.84375,-0.8125,0.0,-0.9375
,,-1.5705241590481593,-1.8113935713072502,0.0,-0.24824216441031477,h5h6,h5h6,h5h7,sacrifice,,-3.0,-3.0,-8.0,-4.0,0.96875,,0.1875,0.25,0.96875,0.09375,0.20062232431271465,0ARtb,g3g6,2015,0.5990638452798505,attraction kingsideAttack long mate mateIn3 middlegame operaMate sacrifice,,-0.78125,-0.71875,0.0,-0.875
,,-1.7186566501250642,-1.9431248501792338,0.20062232431271465,0.0,g1e3,g1e3,g1f2,sacrifice,,0.0,0.0,0.0,-9.0,0.96875,,0.34375,0.28125,1.0,0.0,0.20062232431271465,0BAXi,f1e2,2047,0.448818177384928,clearance discoveredAttack discoveredCheck endgame exposedKing kingsideAttack mate mateIn4 sacrifice veryLong,,-0.625,-0.6875,0.03125,-0.96875
,,0.4526581333201707,0.4327595735247116,0.07448328917173508,1.1592550879151866,e4d5,e4d5,c3d5,sacrifice,,-2.0,-2.0,-2.0,-3.0,0.5,,0.28125,0.09375,0.53125,0.03125,1.8903195311147831,07b1u,c1a1,2359,0.14154434731945653,advantage long middlegame sacrifice,,-0.21875,-0.40625,0.03125,-0.46875
,,-1.4002047062527903,-1.9883700588590332,0.0,0.0,h7h8,h7h8,h5d1,sacrifice,,0.0,0.0,-6.0,-1.0,1.0,,0.625,0.34375,1.0,0.0,-0.0,0BRGl,b1b3,2308,0.21899525866049938,deflection exposedKing long mate mateIn3 middlegame sacrifice,,-0.375,-0.65625,0.0,-1.0
,,0.33470696110712894,0.21669788519520372,0.4058219017834517,0.5288284222046109,f2f3,f2f3,e3c5,sacrifice,,0.0,0.0,0.0,-1.0,0.5,,0.1875,0.34375,0.40625,0.125,1.9025182662886329,0AchC,e3d2,2337,0.08493068304668053,advancedPawn crushing endgame quietMove sacrifice veryLong,,-0.3125,-0.15625,-0.09375,-0.375
,,0.3588963662588476,0.8192212754671458,-0.4414931789424137,0.8192212754671458,e6e5,e6e5,e6e3,sacrifice,,0.0,0.0,-2.0,0.0,0.46875,,0.15625,0.0625,0.25,0.0625,1.6822849455167193,08TEy,c8b8,1877,0.16740912096788751,advantage interference long middlegame sacrifice,,-0.3125,-0.40625,-0.21875,-0.40625
,,-0.4518360974461242,-0.4116518078398721,-0.25167961890657087,0.24786263772772532,e8g8,e8g8,c5f2,sacrifice,,-3.0,0.0,-2.0,0.0,0.6875,,0.375,0.3125,0.5,0.0625,1.4341407621868583,09Ko8,d8b8,2303,0.02192407867855295,advantage attraction kingsideAttack long opening sacrifice,,-0.3125,-0.375,-0.1875,-0.625
,,-1.5703612224162218,-1.5517855455904406,0.0,-0.3997900666170139,e5f7,e5f7,e5g6,sacrifice,,1.0,1.0,-3.0,-3.0,1.0,,0.09375,0.28125,1.0,0.03125,-0.0,0Awt3,h6h4,1928,0.7692184673266405,epauletteMate mate mateIn2 middlegame sacrifice short,,-0.90625,-0.71875,0.0,-0.96875
,,-0.7124232637975412,-0.7325814688090915,0.11033344724631455,-0.1420220234603089,c6e5,c6e5,e8e2,sacrifice,,-9.0,-9.0,-2.0,0.0,0.78125,,0.5,0.4375,0.84375,0.1875,0.973397117295888,07AfS,b4a5,2204,0.12883940739359173,attraction crushing discoveredAttack exposedKing long middlegame pin sacrifice,,-0.28125,-0.34375,0.0625,-0.59375
,,-0.7810047413373368,-0.5469486688033257,-0.7733253340356275,0.5209380058447248,g2g1,g2g1,e2f3,sacrifice,,-3.0,-3.0,-2.0,-3.0,0.8125,,0.3125,0.40625,0.5625,0.09375,0.9698024945677542,0A8KM,g2h2,2291,0.06916874453188945,crushing middlegame sacrifice short,,-0.5,-0.40625,-0.25,-0.71875
,,-0.3312743765825825,-0.2687743765825825,-0.3312743765825825,0.0625,e5c4,e5c4,h2h7,sacrifice,,0.0,0.0,-4.0,0.0,0.9375,,0.03125,0.0625,0.875,0.0625,0.3997900666170139,0AOqz,g3g2,2020,0.7050579516902866,crushing fork middlegame sacrifice veryLong,,-0.90625,-0.875,-0.0625,-0.875
,,-1.8326026026932274,-1.8708784271213472,0.0,-0.20062232431271465,f8c8,f8c8,f3g3,sacrifice,,4.0,4.0,-4.0,-9.0,1.0,,0.34375,0.3125,1.0,0.0,-0.0,0Btl1,h7h5,2040,0.448818177384928,balestraMate long mate mateIn3 middlegame sacrifice,,-0.65625,-0.6875,0.0,-1.0
,,0.67634398879312,0.11469502650204388,0.15280271487851738,0.9386722746038861,h6g6,h6g6,h6h8,sacrifice,,-4.0,-4.0,-5.0,-1.0,0.5625,,0.0625,0.125,0.625,0.0625,1.6697367178034825,07KSG,e2d2,2187,0.4249612654899433,advantage attraction exposedKing kingsideAttack long middlegame pin sacrifice,,-0.5,-0.4375,0.0625,-0.5
,,-0.20062232431271465,-0.3997900666170139,0.0,-0.20062232431271465,g6f6,g6f6,g6g8,sacrifice,,0.0,0.0,-5.0,0.0,1.0,,0.0,0.03125,1.0,0.03125,-0.0,0C45d,e4g4,1906,0.999999999997836,clearance kingsideAttack mate mateIn2 middlegame sacrifice short,,-1.0,-0.96875,0.0,-0.96875
,,0.33925883421087066,0.2734618405063691,-0.020205694795371265,0.35955207494897756,d6e5,d6e5,d6g3,sacrifice,,0.0,0.0,0.0,-3.0,0.34375,,0.28125,0.125,0.5625,0.03125,1.746512368250619,08yIb,c6b8,2031,0.127487637064096,advantage attraction deflection discoveredAttack middlegame pin sacrifice veryLong,,-0.0625,-0.21875,0.21875,-0.3125
,,-0.24051307373234132,-0.33044559118789096,0.4379965329774784,-0.36420544935839083,e5d4,e5d4,f6e4,sacrifice,,-2.0,-2.0,-2.0,0.0,0.53125,,0.3125,0.3125,0.5625,0.125,1.903234100759607,08B1A,d8e7,1859,0.11099157117607991,advantage clearance exposedKing long opening sacrifice,,-0.21875,-0.21875,0.03125,-0.40625
,,0.41353261230059823,0.09863846215584515,0.1653509425917543,0.6935682971060482,f5h6,f5h6,d5f7,sacrifice,,0.0,0.0,1.0,-3.0,0.46875,,0.21875,0.125,0.625,0.09375,1.7683751799593277,0AP1F,b2a3,1920,0.22218451790132143,advantage attraction endgame fork long sacrifice,,-0.25,-0.34375,0.15625,-0.375
,,-0.148240741903221,0.05689234924740472,0.6450116951359712,0.07736178774907954,g1g4,g1g4,f5f6,sacrifice,,0.0,0.0,-2.0,0.0,0.34375,,0.28125,0.15625,0.5625,0.125,2.1127361177297614,0ABEd,f5b5,2212,0.1956730342559634,crushing endgame long sacrifice,,-0.0625,-0.1875,0.21875,-0.21875
,,-0.255746856014041,-0.23508941923430826,0.08478261006865795,-0.035573523614343516,g7g6,g7g6,f4g3,sacrifice,,0.0,0.0,0.0,0.0,0.53125,,0.125,0.09375,0.53125,0.09375,1.815836241943048,09x2v,f8f6,1876,0.20261503759669053,crushing discoveredAttack endgame pin sacrifice veryLong,,-0.40625,-0.4375,0.0,-0.4375
,,-1.7107910416549492,-1.351163221277726,0.20062232431271465,-0.3968323988529231,d4f3,d4f3,d4e2,sacrifice,,0.0,0.0,0.0,-9.0,0.96875,,0.3125,0.5625,1.0,0.03125,0.20062232431271465,0BSZ7,d4b5,2171,0.4803429561247037,discoveredCheck doubleCheck kingsideAttack long mate mateIn3 middlegame sacrifice smotheredMate,,-0.65625,-0.40625,0.03125,-0.9375
,,0.5425994586780947,0.11085274348910268,0.3889679584048853,0.6262218755408672,b5c6,b5c6,e7b7,sacrifice,,0.0,0.0,-4.0,-5.0,0.5625,,0.15625,0.21875,0.53125,0.0625,1.5517855455904406,0B8Xh,f1d1,2047,0.1602765669231318,attraction crushing deflection middlegame queensideAttack sacrifice veryLong,,-0.40625,-0.34375,-0.03125,-0.5
,,-0.8125,-0.7669435477030311,0.5936026623933487,-0.21514550352419493,e2c3,e2c3,c4e5,sacrifice,,0.0,0.0,-3.0,0.0,0.8125,,0.40625,0.34375,0.9375,0.15625,0.9933927290103626,0AOHu,d2e1,1916,0.2817329636979919,crushing deflection long middlegame sacrifice skewer,,-0.40625,-0.46875,0.125,-0.65625
,,-1.3100562489182657,-2.005369208880387,0.0,-0.4488644887230294,h3f5,h3f5,h3h2,sacrifice,,0.0,0.0,-8.0,-8.0,1.0,,0.375,0.375,1.0,0.09375,-0.0,0CKzc,h4g3,1949,0.418821231069911,attraction discoveredCheck doubleCheck kingsideAttack mate mateIn2 middlegame sacrifice short,,-0.625,-0.625,0.0,-0.90625
,,-0.4138132053991017,0.04203056149832518,0.08406628172082331,0.7532065447740172,e1e4,d3c4,d3e4,sacrifice,,-4.0,1.0,-2.0,-3.0,0.65625,,0.1875,0.0625,0.625,0.0625,1.4842709879736136,0A1vf,c1d1,2123,0.18566023889704286,advantage clearance middlegame pin sacrifice veryLong,,-0.46875,-0.59375,-0.03125,-0.59375
,,-1.1635002846457883,-1.3890093751988053,0.0,-0.20062232431271465,b7a8,b7a8,c1c8,sacrifice,,0.0,0.0,-5.0,-3.0,1.0,,0.28125,0.09375,1.0,0.03125,-0.0,0CA66,g3e2,2175,0.5135889503679227,mate mateIn2 middlegame sacrifice short,,-0.71875,-0.90625,0.0,-0.96875
,,-1.5938548967005404,-1.792654957849531,-0.20062232431271465,-0.3997900666170139,g5g6,g5g6,h1h7,sacrifice,,-1.0,-1.0,-4.0,0.0,1.0,,0.53125,0.40625,0.96875,0.0,-0.0,0CYaa,e6h3,1936,0.22592857618062895,attraction kingsideAttack mate mateIn5 middlegame sacrifice veryLong,,-0.46875,-0.59375,-0.03125,-1.0
,,0.04691286968753183,0.07469873517384973,0.6545442566755848,0.7812467490211106,f7g5,f7g5,e8h8,sacrifice,,0.0,0.0,0.0,-1.0,0.53125,,0.25,0.09375,0.71875,0.09375,1.85605363187439,0BNWh,h3h4,1989,0.3091188495803719,advantage endgame sacrifice skewer veryLong,,-0.28125,-0.4375,0.1875,-0.4375
,,-0.9093051474789395,-0.8262499601441813,0.29683387933357874,-0.8682805216425065,a8d8,a8d8,f5f3,sacrifice,,0.0,0.0,-2.0,-1.0,0.6875,,0.3125,0.4375,0.78125,0.1875,1.1841407621868583,09iHB,g6f7,2148,0.2324688380884185,attraction crushing master masterVsMaster middlegame sacrifice short,,-0.375,-0.25,0.09375,-0.5
,,-1.871512368250619,-2.0312634585807725,0.0,-0.4488644887230294,e5f6,e5f6,g3g7,sacrifice,,3.0,3.0,-8.0,0.0,1.0,,0.4375,0.28125,1.0,0.09375,-0.0,0Bsf6,h3c8,2101,0.3627987332812376,attraction discoveredCheck doubleCheck kingsideAttack mate mateIn4 middlegame pillsburysMate sacrifice veryLong,,-0.5625,-0.71875,0.0,-0.90625
,,0.0870270209846159,-0.11280126482615027,0.0800277941346389,-0.4695964258323122,c8e8,c8e8,g8f7,sacrifice,,0.0,0.0,-5.0,0.0,0.8125,,0.03125,0.0,0.84375,0.0625,0.8180914641842123,0A2Kx,c8e8,1981,0.5879230477531878,crushing defensiveMove exposedKing fork long master middlegame sacrifice,,-0.78125,-0.8125,0.03125,-0.75
,,-0.6431558784658322,-0.9088952079405646,0.19288539544877026,-0.4608057858527237,f6e8,f6g4,c7h2,sacrifice,,0.0,0.0,-8.0,-3.0,0.75,,0.125,0.21875,0.8125,0.15625,1.1626878900165245,09iy5,e7b4,2079,0.4906902606837501,advantage attraction fork long middlegame sacrifice,,-0.625,-0.53125,0.0625,-0.59375
,,-0.03841502968956534,-0.3501935426175582,0.2734936742843186,-0.07582917259494848,b2b4,d1f1,c5d5,sacrifice,,-1.0,0.0,-2.0,-3.0,0.53125,,0.3125,0.25,0.65625,0.125,1.8827646622579322,0931l,f3e1,1926,0.14421200571992168,advantage middlegame pin sacrifice short,,-0.21875,-0.28125,0.125,-0.40625
,,-0.061574470030224315,-0.3769108173812732,0.3577206909759376,0.5575489767867038,f1f5,f1f5,f1f7,sacrifice,,0.0,0.0,-4.0,-1.0,0.59375,,0.09375,0.1875,0.8125,0.0625,1.2261134199863002,0BTnP,d1d4,2359,0.48067415644642664,attraction crushing middlegame quietMove sacrifice veryLong,,-0.5,-0.40625,0.21875,-0.53125
,,0.21548126484522623,0.11545477262331394,0.4896423779940502,1.1803489227680672,f4f5,f4f5,e5f7,sacrifice,,-3.0,-3.0,1.0,-1.0,0.40625,,0.59375,0.5,0.65625,0.0,1.9114133659676638,0ATmS,e5g6,2170,0.06206717762705561,advantage long master middlegame sacrifice,,0.1875,0.09375,0.25,-0.40625
,,-0.6058534444680033,-0.3455980719070282,0.19224251114862123,0.2291031948088491,h4h5,h4h5,d6f7,sacrifice,,-1.0,-1.0,-2.0,-3.0,0.59375,,0.1875,0.21875,0.6875,0.03125,1.5792028044502626,0AiY3,d6b5,1956,0.20992096052867204,crushing deflection endgame exposedKing long sacrifice,,-0.40625,-0.375,0.09375,-0.5625
,,0.1309571432919825,0.20877667440676562,0.7866844858966597,1.9021036266528566,h5h6,h5h6,g3g2,sacrifice,,0.0,0.0,-6.0,-6.0,0.46875,,0.125,0.25,0.71875,0.0,1.9021036266528566,0ArDz,g3f3,1919,0.3897527335304624,advancedPawn advantage endgame master sacrifice veryLong,,-0.34375,-0.21875,0.25,-0.46875
,,-0.9087108976424941,-0.5164924461276442,-0.5718134272947947,0.23873805136815784,e2h5,e2h5,f4f6,sacrifice,,0.0,0.0,0.0,-9.0,0.8125,,0.28125,0.25,0.5625,0.03125,0.9698024945677542,0Auky,e2e4,1930,0.10191146761660261,advantage long middlegame sacrifice,,-0.53125,-0.5625,-0.25,-0.78125
,,1.4892599076281765,1.0119077479405347,0.21624014182950013,1.2236509607442407,h3e3,h3e3,h3h8,sacrifice,,-5.0,-1.0,-5.0,-5.0,0.40625,,0.03125,0.09375,0.40625,0.0625,2.0867146307938143,0AgCb,a2a3,1876,0.39347867677066795,advantage attraction deflection fork long middlegame sacrifice,,-0.375,-0.3125,0.0,-0.34375
,,-0.3978278993770974,-0.491553098908607,0.38827044921761944,0.593395850102045,g5c5,g5c5,g5g2,sacrifice,,0.0,0.0,-4.0,-5.0,0.6875,,0.09375,0.125,0.71875,0.03125,1.3869602933016414,0BLTa,g5g3,2135,0.4043862279477499,attraction crushing kingsideAttack long middlegame sacrifice,,-0.59375,-0.5625,0.03125,-0.65625
,,-0.2832370708552938,0.04859877248062472,0.21109023444260844,0.4534229085389,c3c2,c3c2,h4g4,sacrifice,,0.0,0.0,-4.0,-5.0,0.78125,,0.5625,0.71875,0.78125,0.0625,1.1844873517384964,0CH48,h4h5,1809,0.07496133564150778,advancedPawn crushing endgame long pin promotion rookEndgame sacrifice,,-0.21875,-0.0625,0.0,-0.71875
,,-0.8394734356069651,-0.7310644431995964,0.0,-0.3997900666170139,g6g7,g6g7,c6g2,sacrifice,,0.0,0.0,-2.0,-1.0,1.0,,0.09375,0.0625,1.0,0.0,-0.0,0DMxd,e3d2,1954,0.7692184673273617,attraction kingsideAttack long master mate mateIn3 middlegame sacrifice,,-0.90625,-0.9375,0.0,-1.0
,,-1.1213564167438603,-0.8426162749143604,0.06562079594093362,-0.06116997677970293,h3f5,h3f5,h3g2,sacrifice,,0.0,0.0,-3.0,-1.0,0.78125,,0.3125,0.46875,0.78125,0.15625,1.0748068828532795,07e02,f8f4,2325,0.2106489007969728,advantage attraction fork long middlegame sacrifice,,-0.46875,-0.3125,0.0,-0.625
,,-0.42805186334411593,-0.30929345522598317,0.5136146103741168,-0.29347353564234013,e5e2,e5e2,e5d5,sacrifice,,0.0,0.0,-2.0,0.0,0.5625,,0.125,0.09375,0.6875,0.15625,1.771146483360874,0B04i,e5e4,2158,0.32492818520631883,crushing master middlegame sacrifice short,,-0.4375,-0.46875,0.125,-0.40625
,,-0.8630636700495734,-0.6449742087569881,0.0,-0.20062232431271465,c5d4,c5d4,h4f2,sacrifice,,-1.0,-1.0,-8.0,0.0,1.0,,0.0,0.09375,1.0,0.03125,-0.0,0DR0L,c5e3,1824,0.9999999999963933,kingsideAttack long mate mateIn3 middlegame pin sacrifice,,-1.0,-0.90625,0.0,-0.96875
,,-0.15966418479639244,-0.37865312803420603,0.8283581786329057,0.9740631051964592,f4f1,f4f1,f4e4,sacrifice,,0.0,0.0,-2.0,-3.0,0.28125,,0.1875,0.15625,0.75,0.0,1.8424558342068218,0C673,e3d2,2002,0.35485615212260524,advancedPawn advantage endgame promotion sacrifice veryLong,,-0.09375,-0.125,0.46875,-0.28125
,,-1.1616216105025314,-0.9287065093569686,0.12859462272813382,-1.1245250165121226,f1d1,f1d1,g3h5,sacrifice,,0.0,0.0,-3.0,0.0,0.78125,,0.15625,0.0625,0.8125,0.125,1.0594873517384964,0BjmP,e5b5,2174,0.3778375217284604,crushing endgame fork long quietMove sacrifice,,-0.625,-0.71875,0.03125,-0.65625
,,0.12463053700940718,-0.6121724824210513,-0.24791298485515867,-0.24167139297329143,e3e1,e3e1,d1d5,sacrifice,,-9.0,-9.0,-2.0,-9.0,0.5,,0.15625,0.21875,0.59375,0.15625,1.4480191162672789,0Aaje,e3e1,2163,0.23205545120915566,advantage long opening sacrifice,,-0.34375,-0.28125,0.09375,-0.34375
,,-0.5718134272947947,-0.9601426365753946,-0.6546914643623528,-0.21433826761910402,c4d3,c4d3,b8b2,sacrifice,,0.0,0.0,-4.0,0.0,0.8125,,0.25,0.125,0.28125,0.25,0.9698024945677542,0BO1x,b8b6,1847,0.13208482767717913,attraction crushing discoveredAttack discoveredCheck middlegame sacrifice veryLong,,-0.5625,-0.6875,-0.53125,-0.5625
,,-0.14907327964240769,-0.01959705550019475,0.3651148248619931,0.7006822719893955,g4e3,g4e3,b2g2,sacrifice,,0.0,0.0,-2.0,0.0,0.5,,0.34375,0.46875,0.625,0.03125,1.7098683589017414,0BfvT,g4e5,1822,0.17251664089425256,advantage attraction endgame exposedKing fork long sacrifice,,-0.15625,-0.03125,0.125,-0.46875
,,-0.6639955143904751,-0.2812424396536831,0.125,0.25860972003395866,g5f4,g5f4,e5e6,sacrifice,,-1.0,-1.0,-3.0,-3.0,0.875,,0.0,0.09375,0.875,0.0,0.7935644431995964,0D34H,a7a1,2072,0.7709685611973567,advantage endgame sacrifice short,,-0.875,-0.78125,0.0,-0.875
,,-0.7277001498091686,-1.018332179376287,-0.27359023444260844,0.6866845585405649,e4e7,e4e7,e4c4,sacrifice,,-1.0,-1.0,-9.0,-1.0,0.78125,,0.21875,0.1875,0.78125,0.0,0.8873068828532795,0BapO,h5h4,1879,0.30347853622822163,crushing endgame sacrifice short,,-0.5625,-0.59375,0.0,-0.78125
,,-1.9575547988658986,-2.1437471744919483,0.0,-0.3372900666170139,g3e2,g3e2,g3f1,sacrifice,,3.0,3.0,0.0,0.0,1.0,,0.25,0.21875,1.0,0.0625,-0.0,0D58e,f7f6,2037,0.5487949406925132,discoveredCheck doubleCheck long mate mateIn3 middlegame sacrifice,,-0.75,-0.78125,0.0,-0.9375
,,-1.5306390622295662,-1.6493974703476995,0.0,0.0,g5f3,g5f3,f8f4,sacrifice,,0.0,0.0,-3.0,0.0,1.0,,0.0625,0.0625,1.0,0.0,-0.0,0FUL2,f2c5,2353,0.8285353655835932,endgame long mate mateIn3 pin sacrifice,,-0.9375,-0.9375,0.0,-1.0
,,-1.2575318729867573,-1.1334321011224375,0.0,-1.1511135511938806,f2g2,f2g2,f2f1,sacrifice,,-4.0,-4.0,-5.0,-9.0,1.0,,0.21875,0.375,1.0,0.40625,-0.0,0EEFr,g8f7,2083,0.586262467478704,attraction discoveredCheck doubleCheck kingsideAttack mate mateIn2 middlegame sacrifice short,,-0.78125,-0.625,0.0,-0.59375
,,-0.2426279340113826,0.038242326692886186,0.37907507228411585,-0.14289114557024485,f5f6,f5f6,g3h3,sacrifice,,0.0,0.0,-4.0,0.0,0.53125,,0.15625,0.125,0.6875,0.125,1.7660353655857572,0Cb7u,f5h7,1883,0.28261150284867864,crushing deflection endgame sacrifice veryLong,,-0.375,-0.40625,0.15625,-0.40625
,,-1.076597655573916,-0.9698024945677542,0.0,-0.6449742087569881,a4b5,a4b5,c6b7,sacrifice,,0.0,0.0,-2.0,-9.0,1.0,,0.1875,0.09375,1.0,0.09375,-0.0,0DZDW,f4e5,1864,0.6263832733333157,attraction long mate mateIn3 middlegame queensideAttack sacrifice,,-0.8125,-0.90625,0.0,-0.90625
,,0.19920844657654446,0.7172214069427851,0.1009951259216153,0.9262386917771329,f2f3,f2f3,f2f6,sacrifice,,0.0,0.0,-2.0,-5.0,0.46875,,0.21875,0.21875,0.5,0.0625,1.8518023618267063,0CIMS,a1e1,1997,0.07278147360459519,advantage long middlegame sacrifice,,-0.25,-0.25,0.03125,-0.40625
,,-0.30518258382607355,-0.5076845660258824,0.6040077741831191,-0.453772818268682,d2f4,d2f4,d2d4,sacrifice,,0.0,0.0,-6.0,0.0,0.5625,,0.40625,0.21875,0.78125,0.21875,1.6788146570363986,0CnB0,d2a5,1910,0.11599990275483807,crushing fork long middlegame sacrifice,,-0.15625,-0.34375,0.21875,-0.34375
,,0.3058510118798625,0.4523038840501963,0.6840990450563582,1.4027017074497068,g3e1,g3e1,h2g4,sacrifice,,0.0,0.0,-2.0,-8.0,0.59375,,0.125,0.09375,0.8125,0.0,1.7399917740667208,0CWVn,g3e5,1949,0.499232342896224,advantage exposedKing long middlegame sacrifice,,-0.46875,-0.5,0.21875,-0.59375
,,-1.701895941975918,-1.4617811171139254,0.20062232431271465,-0.24824216441031477,a4a5,a4a5,b2g7,sacrifice,,-1.0,-1.0,-2.0,-9.0,0.96875,,0.5,0.625,1.0,0.09375,0.20062232431271465,0EQu4,d2a5,1924,0.3112781244562475,attraction kingsideAttack long mate mateIn3 middlegame sacrifice,,-0.46875,-0.34375,0.03125,-0.875
,,0.0915138889406415,0.27693212898668995,0.04102978456060602,0.3285562767825181,c1d2,c1d2,g5g7,sacrifice,,0.0,0.0,-4.0,0.0,0.28125,,0.375,0.5625,0.5,0.25,1.9313493156753891,0D4Kj,b2b4,2385,0.02772539409132218,attraction crushing deflection kingsideAttack long middlegame sacrifice,,0.09375,0.28125,0.21875,-0.03125
,,-0.03498173371136715,-0.21818686605689508,0.17715417850854043,1.226824405193168,d4d5,d4d5,h4f5,sacrifice,,-1.0,-1.0,-2.0,-9.0,0.625,,0.3125,0.34375,0.6875,0.0,1.5641144718101818,0BRDr,d1d3,1887,0.1692018972385042,advantage long middlegame pin sacrifice,,-0.3125,-0.28125,0.0625,-0.625
,,-0.43248028365900004,-0.3455828133113006,0.569637108162069,-0.054359487718066424,h7h5,h7h5,c5f2,sacrifice,,0.0,0.0,-2.0,0.0,0.5625,,0.15625,0.25,0.71875,0.15625,1.8572367178034825,0AyuM,b7b5,1903,0.28495300529555134,crushing kingsideAttack long opening sacrifice trappedPiece,,-0.40625,-0.3125,0.15625,-0.40625
,,-0.3910836632899466,-0.6243229551408009,-0.18238888222488314,-0.24266672362315744,b3b4,b3b4,c5b6,sacrifice,,-1.0,-1.0,-2.0,-1.0,0.5625,,0.375,0.25,0.53125,0.3125,1.6142855455904406,0CxzB,e2a6,2059,0.059801890286941765,advantage long master middlegame sacrifice skewer,,-0.1875,-0.3125,-0.03125,-0.25
,,0.47770729005978785,0.42740602523363735,-0.03652055656001996,1.4130618253800558,c6c2,c6c2,h4h2,sacrifice,,0.0,0.0,-4.0,-8.0,0.59375,,0.0,0.125,0.625,0.03125,1.6136841496927703,0CN2w,b6a5,2043,0.5044986745612814,advantage attraction discoveredAttack kingsideAttack long middlegame sacrifice,,-0.59375,-0.46875,0.03125,-0.5625
,,-1.9945708027473967,-2.1442475629608078,0.0,-0.9308927290103626,d5c6,d5c6,e4e8,sacrifice,,3.0,3.0,0.0,0.0,1.0,,0.21875,0.25,1.0,0.03125,-0.0,0FALL,a6d3,2332,0.5862624674779826,attraction master mate mateIn4 middlegame pillsburysMate sacrifice veryLong,,-0.78125,-0.75,0.0,-0.96875
,,-0.8304825836900132,-0.5950767722414076,0.7361867930159686,0.9353545353202678,d6d5,d6d5,d4c5,sacrifice,,-6.0,-6.0,0.0,-9.0,0.75,,0.375,0.53125,0.9375,0.0,1.1359768596329824,0DI4p,e2c4,2149,0.29958583503169917,advantage long middlegame pin sacrifice,,-0.375,-0.21875,0.1875,-0.75
,,-1.198192411043098,-1.1841407621868583,0.0,-0.5349547231656377,b2f6,b2f6,b2h8,sacrifice,,0.0,0.0,-9.0,0.0,1.0,,0.3125,0.25,1.0,0.0625,-0.0,0FsJs,f4f6,1925,0.4803429561261464,attraction endgame mate mateIn2 sacrifice short,,-0.6875,-0.75,0.0,-0.9375
,,-0.31824120341300777,-0.1087223370506536,0.30319026068519284,1.2649319020247363,b7e4,b7e4,g2f2,sacrifice,,0.0,0.0,-4.0,-5.0,0.375,,0.1875,0.21875,0.5,0.0625,1.799886625190374,0CJ5o,h7h6,2366,0.20142740080642635,attackingF2F7 crushing middlegame pin sacrifice short,,-0.1875,-0.15625,0.125,-0.3125
,,0.025936894803541,0.4463194507175021,1.4036378923845256,-0.13670789148305595,g4f6,g4f6,g4e3,sacrifice,,0.0,0.0,-3.0,0.0,0.40625,,0.21875,0.21875,0.875,0.25,1.947202335584122,0Ctm2,e8f8,2235,0.4534845427227677,advantage kingsideAttack long middlegame sacrifice,,-0.1875,-0.1875,0.46875,-0.15625
,,-0.010304973497956338,-0.3128494925393872,-0.12291824004604845,1.0802136812595364,f3g2,f3g2,g8g2,sacrifice,,0.0,0.0,-2.0,-3.0,0.375,,0.09375,0.125,0.40625,0.03125,1.8112781244591327,0D5ow,h5g5,2197,0.18293064986157262,crushing master middlegame pin sacrifice short,,-0.28125,-0.25,0.03125,-0.34375
,,0.04894583662487095,0.2642804951278015,2.104115921862549,1.9034935975498346,a3a2,a3a2,b7b3,sacrifice,,1.0,1.0,-4.0,-1.0,0.28125,,0.28125,0.125,1.0,0.0,2.104115921862549,0FOSW,a8a7,2105,0.51358895036648,mate mateIn4 middlegame sacrifice veryLong,,0.0,-0.15625,0.71875,-0.28125
,,-0.9801155420995912,-1.0898835569275436,0.9698024945677542,-0.24914896229107597,h7h6,h7h6,e8e1,sacrifice,,0.0,0.0,-2.0,0.0,0.8125,,0.34375,0.3125,1.0,0.09375,0.9698024945677542,0CGKo,e8c8,2076,0.44881817738564933,advantage endgame fork long sacrifice,,-0.46875,-0.5,0.1875,-0.71875
,,-0.178513462201201,0.15323410075960697,0.4700716135172347,0.9184454841949603,d5e6,d5e6,d5c6,sacrifice,,1.0,1.0,-4.0,0.0,0.53125,,0.25,0.5,0.65625,0.0,1.8918426014908483,0CqF7,d1b1,2297,0.23658552575601488,advancedPawn advantage endgame sacrifice veryLong,,-0.28125,-0.03125,0.125,-0.53125
,,-0.6114936404521998,-0.4401204074720739,0.3001050966113765,-0.20362676701987414,d4a7,d4a7,f3h5,sacrifice,,1.0,1.0,-9.0,0.0,0.625,,0.1875,0.15625,0.71875,0.15625,1.5016144718101818,0DZMa,d4c5,2210,0.3171235006302,advantage discoveredAttack endgame exposedKing fork master pin quietMove sacrifice skewer veryLong,,-0.4375,-0.46875,0.09375,-0.46875
,,-0.17218046888521643,-0.06010069113107397,0.347076638853657,0.09386440479295532,c1g5,c1g5,g3g7,sacrifice,,0.0,0.0,-4.0,0.0,0.34375,,0.28125,0.34375,0.40625,0.0625,1.9499180366673454,0CWsh,d1e1,1987,0.18479017376273135,attraction crushing deflection kingsideAttack long middlegame sacrifice,,-0.0625,0.0,0.0625,-0.28125
,,-0.2793740829587721,-0.3200492162558177,0.27942283928973266,1.2527009975809844,b8c8,b8c8,b8b6,sacrifice,,0.0,0.0,-4.0,-9.0,0.46875,,0.1875,0.15625,0.3125,0.0625,1.921265440780581,0EWEp,a8a1,1950,0.08914965971593918,advantage attraction exposedKing middlegame sacrifice veryLong,,-0.28125,-0.3125,-0.15625,-0.40625
b4b1,0.2842933469644495,,,,,,,,quiet,-6.0,,,,,0.40625,0.4375,,,,,1.9114133659676638,00HoG,,1499,,mate mateIn1 middlegame oneMove,0.03125,,,,
,,-0.8884594003264916,-0.8589176751929342,0.045908992407368676,-0.908846945486464,c4b3,c4b3,c4b5,sacrifice,,0.0,0.0,-3.0,-3.0,0.84375,,0.53125,0.5,0.875,0.5,0.7769734356069651,0CEiN,b2b3,2079,0.11952144874812451,attraction crushing deflection exposedKing fork long opening pin sacrifice,,-0.3125,-0.34375,0.03125,-0.34375
,,-0.38620350099070055,-0.5345619353514179,0.6364772481018423,0.4366489622910761,f8f2,f8f2,e5f3,sacrifice,,1.0,1.0,-3.0,-9.0,0.65625,,0.375,0.46875,0.875,0.125,1.3675416913014387,0CQhq,a5a6,1945,0.260016889967962,advantage discoveredAttack kingsideAttack long middlegame sacrifice,,-0.28125,-0.1875,0.21875,-0.53125
,,-1.0301975054322456,-0.9513771973797432,0.5209380058447248,0.7691801702550396,h4f6,h4f4,h4g3,sacrifice,,0.0,0.0,-4.0,-5.0,0.8125,,0.25,0.3125,0.90625,0.0,0.9698024945677542,0DUQr,f8f7,1862,0.41926271917952057,crushing discoveredAttack discoveredCheck endgame long sacrifice,,-0.5625,-0.5,0.09375,-0.8125
,,-0.6685644431995964,-0.20062232431271465,0.0,-0.7769734356069651,f4f3,f4f3,e6e1,sacrifice,,-1.0,-1.0,0.0,-5.0,1.0,,0.0625,0.03125,1.0,0.09375,-0.0,0FkMy,e6e7,1987,0.8285353655843146,long mate mateIn3 middlegame sacrifice,,-0.9375,-0.96875,0.0,-0.90625
f8e7,0.08251169513597123,,,,,,,,quiet,-1.0,,,,,0.34375,0.375,,,,,2.083910227067178,003jb,,963,,crushing fork master middlegame short,0.03125,,,,
,,-0.05422413794800196,-0.048573842092250796,0.7214834883156753,2.044872067573547,c7d7,c7d7,g4g5,sacrifice,,0.0,0.0,-5.0,-5.0,0.4375,,0.15625,0.21875,0.71875,0.0,2.044872067573547,0Ds14,c7a7,1948,0.3192323814602637,advantage long middlegame sacrifice,,-0.28125,-0.21875,0.28125,-0.4375
a8a7,-0.16299427882598394,,,,,,,,quiet,0.0,,,,,0.09375,0.125,,,,,1.8458452185347238,0068B,,1426,,crushing deflection middlegame short,0.03125,,,,
d6b7,0.013015515857006665,,,,,,,,quiet,-5.0,,,,,0.25,0.1875,,,,,2.150838647382062,006RM,,1445,,crushing long middlegame,-0.0625,,,,
,,-1.9450318729867575,-1.8246987351738497,0.0,-1.9492840955380735,g4f5,g4f5,f2f5,sacrifice,,-4.0,-4.0,-4.0,2.0,1.0,,0.34375,0.5,1.0,0.46875,-0.0,0FhIh,e5d3,1996,0.448818177384928,endgame mate mateIn2 sacrifice short vukovicMate,,-0.65625,-0.5,0.0,-0.53125
,,-0.4886053796722354,-0.7998034078993179,-0.011479779643869703,0.39782490920829816,g5e6,g5e6,g5e4,sacrifice,,0.0,0.0,0.0,-3.0,0.71875,,0.28125,0.25,0.75,0.0,1.2372983448152632,0E4gm,f2e1,2002,0.18916420338320114,advantage attraction fork middlegame pin sacrifice veryLong,,-0.4375,-0.46875,0.03125,-0.71875
,,0.2486167266645205,0.22248173371136715,0.17218046888521665,1.4331843390639287,h6h5,h6h5,e5f3,sacrifice,,-9.0,-9.0,-2.0,-3.0,0.5,,0.0625,0.28125,0.5,0.03125,1.9681390622295665,0CwfG,e5d3,2395,0.23545503903371598,advantage clearance middlegame sacrifice veryLong,,-0.4375,-0.21875,0.0,-0.46875
,,-0.44790142380978293,-0.569463078953875,0.5471315083572108,1.2657341707505596,c2c8,c2c8,d1a1,sacrifice,,2.0,2.0,-5.0,-5.0,0.625,,0.40625,0.3125,0.8125,0.0625,1.6030242373675734,0EIOk,g1h1,2385,0.1439973687263778,crushing long middlegame pin sacrifice,,-0.21875,-0.3125,0.1875,-0.5625
,,-0.5804774249658402,-0.5733859520757265,0.5108738706777254,0.5144684934058592,f1b5,f1b5,f3e5,sacrifice,,0.0,0.0,-6.0,-9.0,0.65625,,0.25,0.28125,0.78125,0.0625,1.5703612224162218,0DYVi,f3g5,2087,0.2646887222859248,crushing long opening sacrifice,,-0.40625,-0.375,0.125,-0.59375
f6e5,0.23080079596000957,,,,,,,,quiet,-1.0,,,,,0.3125,0.59375,,,,,1.947202335584122,00Ezc,,1982,,crushing middlegame short,0.28125,,,,
,,-1.9528195311147831,-1.7717822215997985,0.0,-1.6234936758692482,g4h2,g4h2,h3h2,sacrifice,,1.0,1.0,1.0,-3.0,1.0,,0.125,0.21875,1.0,0.125,-0.0,0FVlD,c6e5,2264,0.716917186685814,attraction epauletteMate kingsideAttack mate mateIn5 middlegame sacrifice veryLong,,-0.875,-0.78125,0.0,-0.875
g4f3,0.006462690485015354,,,,,,,,quiet,0.0,,,,,0.15625,0.25,,,,,2.3101915986883306,002KJ,,1615,,crushing discoveredAttack middlegame short,0.09375,,,,
b4e7,0.08088767854772327,,,,,,,,quiet,0.0,,,,,0.0625,0.15625,,,,,1.9975036004102722,00IUT,,1527,,crushing fork long middlegame,0.09375,,,,
b3f3,0.1695600614131425,,,,,,,,quiet,0.0,,,,,0.25,0.40625,,,,,2.0981061300625727,00K7b,,1962,,advantage exposedKing long middlegame,0.15625,,,,
,,-0.9698024945677542,-1.0748068828532795,0.0,-0.20062232431271465,g4f6,g4f6,f7f2,sacrifice,,0.0,0.0,-3.0,-3.0,1.0,,0.09375,0.03125,1.0,0.0,-0.0,0GDFq,b7b6,1917,0.7692184673273617,mate mateIn2 middlegame sacrifice short,,-0.90625,-0.96875,0.0,-1.0
,,0.8023691658838833,0.5294559763004743,0.09892915512590328,1.6654328359334567,g4h5,g4h5,g7e5,sacrifice,,-9.0,-9.0,-6.0,-9.0,0.53125,,0.0625,0.15625,0.59375,0.0,1.6654328359334567,0DfNW,e7f6,2123,0.41072741858516626,advantage kingsideAttack long middlegame sacrifice,,-0.46875,-0.375,0.0625,-0.53125
d8e8,0.036794905278350054,,,,,,,,quiet,-5.0,,,,,0.25,0.21875,,,,,2.2092822215997985,00PGi,,1081,,crushing fork middlegame short,-0.03125,,,,
,,-0.9076681736755243,-0.8884257694388897,0.35900342402601737,-0.1128012648261505,a8f8,a8f8,f5g5,sacrifice,,0.0,0.0,3.0,-3.0,0.75,,0.375,0.4375,0.84375,0.125,1.1359768596329824,0ES9R,c6f3,1843,0.2621968911824133,clearance crushing middlegame sacrifice short,,-0.375,-0.3125,0.09375,-0.625
d2c4,0.16965662157143258,,,,,,,,quiet,-5.0,,,,,0.34375,0.09375,,,,,1.6604221338080105,00kCm,,1829,,advantage middlegame veryLong,-0.25,,,,
d3d4,0.08175321556184101,,,,,,,,quiet,-1.0,,,,,0.3125,0.21875,,,,,1.9364992230622806,00Qog,,2079,,crushing middlegame short,-0.09375,,,,
,,0.3153363473510489,0.6332217427998191,-0.18610097419193283,0.2110850757184355,d5f7,d5f7,e1e8,sacrifice,,-2.0,-2.0,-4.0,-3.0,0.625,,0.09375,0.0,0.53125,0.15625,1.6030242373675734,0EIPW,e1g3,2170,0.24799763711599104,crushing kingsideAttack opening sacrifice short,,-0.53125,-0.625,-0.09375,-0.46875
,,0.1066932256046953,0.1430683325230966,0.25592404296689253,0.03610536183075519,c1e3,c1e3,c4f7,sacrifice,,0.0,0.0,-2.0,0.0,0.34375,,0.03125,0.125,0.40625,0.125,2.1648505541228946,0DWDJ,g1f1,1957,0.27930248600617424,advantage attackingF2F7 attraction long opening sacrifice,,-0.3125,-0.21875,0.0625,-0.21875
,,-0.057716928421555735,0.2290023278952653,0.39217534778492213,1.4953125360762134,f1g1,f1g1,f1f3,sacrifice,,0.0,0.0,-2.0,-5.0,0.4375,,0.25,0.15625,0.46875,0.0625,1.8326026026932274,0DxAI,f1h1,2062,0.07121592992517725,advantage attraction exposedKing fork long middlegame sacrifice,,-0.1875,-0.28125,0.03125,-0.375
h3e6,-0.01969530292167354,,,,,,,,quiet,0.0,,,,,0.28125,0.15625,,,,,2.118127828603382,00Uwn,,1550,,advantage fork middlegame short,-0.125,,,,
f6g6,0.07981554223565124,,,,,,,,quiet,-9.0,,,,,0.375,0.03125,,,,,2.072169235259032,00O8m,,1371,,crushing fork middlegame short,-0.34375,,,,
d1e2,-0.01097685963298245,,,,,,,,quiet,0.0,,,,,0.25,0.15625,,,,,2.0608203810934294,00Yuf,,1812,,advantage interference middlegame short,-0.09375,,,,
,,-0.1939733919637583,-0.3538995233568023,0.15405708913728566,0.8368485098196934,e7e4,e7e4,g8g2,sacrifice,,0.0,0.0,-4.0,-5.0,0.46875,,0.25,0.34375,0.59375,0.125,1.705241238830056,0Ef6N,g8g4,2070,0.2368292827146759,attraction crushing kingsideAttack middlegame sacrifice short,,-0.21875,-0.125,0.125,-0.34375
c3e2,-0.24119064915405253,,,,,,,,quiet,0.0,,,,,0.25,0.09375,,,,,1.8825874753050804,00WlQ,,1582,,crushing middlegame short,-0.15625,,,,
,,-0.3936715255304193,-0.7245687488562087,0.38956554532487464,0.4053589032268581,g4c4,g4c4,g4f5,sacrifice,,0.0,0.0,-4.0,-1.0,0.59375,,0.0625,0.125,0.78125,0.03125,1.3362516322372207,0ETNm,g1h1,1884,0.48435397970394656,advantage discoveredAttack discoveredCheck kingsideAttack middlegame sacrifice veryLong,,-0.53125,-0.46875,0.1875,-0.5625
,,-0.6737316938555484,-0.8778588493442823,0.5238966232520679,-0.242780133173647,f6e7,f6e7,c8c4,sacrifice,,0.0,0.0,-5.0,-1.0,0.6875,,0.0625,0.125,0.84375,0.0625,1.300870058859033,0EtnL,h7h5,1928,0.5709190640927778,advantage attraction discoveredAttack discoveredCheck endgame sacrifice skewer veryLong,,-0.625,-0.5625,0.15625,-0.625
d8d4,0.29940259080129095,,,,,,,,quiet,-9.0,,,,,0.375,0.3125,,,,,1.8398354267347476,00iyx,,1120,,advantage middlegame short,-0.0625,,,,
e5f5,-0.20404140665565018,,,,,,,,quiet,-9.0,,,,,0.1875,0.1875,,,,,1.9822367178034828,00moS,,1330,,crushing long middlegame,0.0,,,,
,,0.3378068458513017,0.043925626407010476,0.8424391246471601,-0.3117841655290261,d7d5,d7d5,e6f4,sacrifice,,-2.0,-2.0,-3.0,-3.0,0.53125,,0.15625,0.34375,0.78125,0.21875,1.7297460075004396,0EkPV,d2e1,1863,0.3416532136682885,attraction crushing endgame fork sacrifice veryLong,,-0.375,-0.1875,0.25,-0.3125
e1e3,0.0454151011455628,,,,,,,,quiet,-3.0,,,,,0.25,0.15625,,,,,2.1342114918933284,00t2W,,1381,,crushing long middlegame,-0.09375,,,,
f6e5,-0.2007852609446521,,,,,,,,quiet,-9.0,,,,,0.21875,0.15625,,,,,1.9945708027473967,0195f,,1877,,advantage middlegame short,-0.0625,,,,
g5f4,0.5050533472286018,,,,,,,,quiet,0.0,,,,,0.1875,0.28125,,,,,1.73105363187439,00kXF,,1821,,crushing long middlegame,0.09375,,,,
,,-0.9305795661492813,-0.9772118427383096,0.4008599926746179,0.6839967336931925,d2e4,d2e4,d2f3,sacrifice,,0.0,0.0,-3.0,-1.0,0.65625,,0.21875,0.3125,0.8125,0.0625,1.2189514568588302,0G24i,e6e5,2356,0.32081210083775946,advantage middlegame quietMove sacrifice veryLong,,-0.4375,-0.34375,0.15625,-0.59375
f3d4,-0.03917350926369512,,,,,,,,quiet,0.0,,,,,0.21875,0.34375,,,,,1.7431278286033818,00wft,,1564,,mate mateIn2 middlegame short,0.125,,,,
,,-0.46715463937162394,-0.5120741967289915,1.2165683472104272,1.6654328359334567,f5f8,f5f8,c3g7,sacrifice,,0.0,0.0,-2.0,-5.0,0.53125,,0.125,0.28125,0.90625,0.0,1.6654328359334567,0FveL,g1f1,2040,0.6174975932420682,advantage endgame kingsideAttack long master pin sacrifice,,-0.40625,-0.25,0.375,-0.53125
f8e8,-0.34436093777043375,,,,,,,,quiet,-1.0,,,,,0.3125,0.25,,,,,1.8050365325772657,00l7Y,,1496,,advantage deflection long middlegame pin,-0.0625,,,,
a8c6,0.02246544962254271,,,,,,,,quiet,-1.0,,,,,0.25,0.21875,,,,,1.951011518271973,00ymq,,1528,,clearance crushing middlegame short,-0.03125,,,,
e4e3,0.4209585933443498,,,,,,,,quiet,-3.0,,,,,0.375,0.5,,,,,1.855154957849531,00jXF,,1494,,advantage middlegame short,0.125,,,,
g5f7,-0.033674109337416436,,,,,,,,quiet,0.0,,,,,0.21875,0.25,,,,,1.940927643377165,00Xop,,2465,,crushing hangingPiece master middlegame short,0.03125,,,,
e7g6,0.22772304253237596,,,,,,,,quiet,-1.0,,,,,0.3125,0.53125,,,,,1.6493974703476995,01Dt6,,1398,,advancedPawn kingsideAttack mate mateIn2 middlegame promotion short,0.21875,,,,
g6e6,-0.39571649717929347,,,,,,,,quiet,-3.0,,,,,0.15625,0.1875,,,,,1.6896905092405703,00ttk,,1807,,advantage middlegame short,0.03125,,,,
c4d5,0.13680613890453475,,,,,,,,quiet,1.0,,,,,0.1875,0.28125,,,,,1.9025182662886329,01Fbm,,1579,,crushing master middlegame short,0.09375,,,,
f3d4,0.08933942431978137,,,,,,,,quiet,0.0,,,,,0.125,0.09375,,,,,2.177549677765604,00kHM,,2141,,crushing middlegame short,-0.03125,,,,
,,0.18409475546918186,0.35871897543613285,-0.0033169641557073692,0.798402344426084,b4c5,b4c5,a5d5,sacrifice,,0.0,0.0,-9.0,-3.0,0.625,,0.1875,0.09375,0.71875,0.0,1.198192411043098,0FXnt,b6c7,1922,0.2852737622829397,advantage middlegame queensideAttack sacrifice skewer veryLong,,-0.4375,-0.53125,0.09375,-0.625
,,0.08821074732268319,-0.19609341096697253,0.3643075889569021,0.31417961890657065,f2f4,f2f4,e5e6,sacrifice,,0.0,0.0,-3.0,0.0,0.625,,0.53125,0.4375,0.78125,0.34375,1.4237949406953985,0FkJE,c3d4,1913,0.08235528633203626,advancedPawn advantage bishopEndgame endgame sacrifice short,,-0.09375,-0.1875,0.15625,-0.28125
,,-0.4670442566755848,-0.8213976312210585,0.5329449319992089,-0.2956766762964924,c8f5,c8f5,f6d4,sacrifice,,1.0,1.0,-3.0,0.0,0.71875,,0.125,0.1875,0.875,0.21875,1.2640093751988053,0FNEs,a7a6,1805,0.4584428028667836,advantage attraction exposedKing fork long middlegame pin sacrifice,,-0.59375,-0.53125,0.15625,-0.5
,,-1.1505247867097923,-0.8840748181739102,0.26062617403444854,0.6613997774670081,h6e3,h6e3,d3h7,sacrifice,,0.0,0.0,-3.0,-9.0,0.71875,,0.125,0.1875,0.84375,0.0,0.998689844084022,0FwNv,h5e5,2259,0.4612592256408826,crushing discoveredAttack discoveredCheck kingsideAttack long opening sacrifice,,-0.59375,-0.53125,0.125,-0.71875
e3c5,-0.16753094996718465,,,,,,,,quiet,0.0,,,,,0.28125,0.1875,,,,,1.9715667056067314,00nFD,,1287,,advantage master middlegame short,-0.09375,,,,
d5h5,0.017401291068734892,,,,,,,,quiet,0.0,,,,,0.21875,0.1875,,,,,2.118127828603382,01DwE,,2158,,advantage clearance fork long middlegame,-0.03125,,,,
b8e8,0.10031808106241602,,,,,,,,quiet,-5.0,,,,,0.3125,0.125,,,,,2.2158255021937237,01Z93,,1797,,crushing middlegame short,-0.1875,,,,
a8e8,0.2415521097193234,,,,,,,,quiet,0.0,,,,,0.1875,0.125,,,,,2.0854070064198638,01F3z,,1865,,advantage middlegame short,-0.0625,,,,
d2e3,0.2690321169586929,,,,,,,,quiet,0.0,,,,,0.25,0.53125,,,,,2.1084585933443494,01M1X,,1954,,crushing hangingPiece middlegame short,0.28125,,,,
g4h5,0.17335969932292805,,,,,,,,quiet,0.0,,,,,0.3125,0.3125,,,,,2.2503068474362315,01hL1,,1842,,crushing middlegame short skewer,0.0,,,,
g8g7,-0.1958564521609083,,,,,,,,quiet,-1.0,,,,,0.5,0.375,,,,,1.8744996115311405,00zdb,,1853,,advantage discoveredAttack master middlegame short,-0.125,,,,
a1d1,-0.030821901783451233,,,,,,,,quiet,0.0,,,,,0.21875,0.3125,,,,,1.9056773212788294,01Jto,,1363,,advantage long master middlegame,0.09375,,,,
g2f2,-0.0537715533064711,,,,,,,,quiet,0.0,,,,,0.375,0.21875,,,,,2.0804399385868573,01JlU,,2186,,crushing deflection exposedKing middlegame veryLong,-0.15625,,,,
,,-0.6248238022364321,-0.5755284730721739,0.3935675642912788,0.780895850102045,a2a7,a2a7,d4e6,sacrifice,,0.0,0.0,-2.0,-5.0,0.6875,,0.1875,0.21875,0.8125,0.125,1.3244602933016414,0Fnua,g1h1,2151,0.3355036625714458,advantage endgame long pin sacrifice,,-0.5,-0.46875,0.125,-0.5625
e3g5,-0.2709850855662619,,,,,,,,quiet,0.0,,,,,0.59375,0.5625,,,,,1.5237516322372207,01tgp,,2083,,crushing discoveredAttack long master middlegame pin,-0.03125,,,,
,,-0.6512989222897931,-0.7197560655817759,0.8387351209183842,0.7762351209183842,f6h4,f6h4,b3f7,sacrifice,,0.0,0.0,-2.0,-3.0,0.71875,,0.375,0.28125,0.90625,0.03125,1.373689844084022,0FH3l,a1d1,2201,0.3108257989425458,attackingF2F7 crushing discoveredAttack discoveredCheck long opening sacrifice,,-0.34375,-0.4375,0.1875,-0.6875
h6h2,0.09860536183075563,,,,,,,,quiet,0.0,,,,,0.34375,0.40625,,,,,2.0100187277984194,01PlY,,2062,,crushing long middlegame,0.0625,,,,
a5b3,0.3776152487479014,,,,,,,,quiet,0.0,,,,,0.125,0.1875,,,,,2.2503068474362315,01J3m,,1114,,crushing master middlegame short,0.0625,,,,
,,-0.08672417557187995,-0.13495548095856869,0.21333864738206199,1.5254460511127474,h5e2,h5e2,g3f5,sacrifice,,0.0,0.0,-2.0,-9.0,0.3125,,0.0625,0.09375,0.5,0.03125,1.9252361177297614,0Fru3,d1d4,1836,0.39818684580344876,advantage long middlegame sacrifice skewer,,-0.25,-0.21875,0.1875,-0.28125
b5c3,-0.26604101818679093,,,,,,,,quiet,-1.0,,,,,0.375,0.15625,,,,,1.778831049386756,00JtR,,2178,,crushing defensiveMove middlegame veryLong,-0.21875,,,,
e1c1,-0.15601105676218685,,,,,,,,quiet,0.0,,,,,0.1875,0.15625,,,,,2.0769471481133035,01nj2,,2049,,advantage long middlegame,-0.03125,,,,
g6g5,-0.360616098726547,,,,,,,,quiet,0.0,,,,,0.4375,0.34375,,,,,1.6774212838293645,01eyQ,,1186,,advantage master middlegame pin short,-0.09375,,,,
c6d8,-0.05631105662612601,,,,,,,,quiet,0.0,,,,,0.1875,0.28125,,,,,2.0120158956199647,01aI3,,2035,,crushing middlegame short,0.09375,,,,
a2a3,-0.18600322064731456,,,,,,,,quiet,0.0,,,,,0.1875,0.0625,,,,,1.9114133659676638,01UH3,,1958,,crushing fork master middlegame veryLong,-0.125,,,,
,,-0.9209611248863772,-0.5310768351440645,0.41920688063105094,0.31173467476568983,d1d3,d1d3,e4f6,sacrifice,,0.0,0.0,-3.0,-3.0,0.71875,,0.21875,0.34375,0.8125,0.03125,1.2372983448152632,0Fv5R,a2a4,2222,0.31872693623295245,crushing discoveredAttack discoveredCheck long middlegame sacrifice,,-0.5,-0.375,0.09375,-0.6875
,,-0.41345202219168775,-0.32659765557391607,-0.31460476040748686,1.186278124459133,d4a4,d4a4,d5d6,sacrifice,,0.0,0.0,0.0,-5.0,0.75,,0.34375,0.5625,0.59375,0.0,1.186278124459133,0Fw5i,d4d3,2085,0.13758865987268076,advancedPawn advantage endgame long rookEndgame sacrifice,,-0.40625,-0.1875,-0.15625,-0.75
d3h7,0.16142955253604674,,,,,,,,quiet,-2.0,,,,,0.375,0.40625,,,,,2.0436450333085068,01g9c,,1924,,deflection mate mateIn2 middlegame pillsburysMate pin short,0.03125,,,,
e8e6,-0.3380317999458309,,,,,,,,quiet,-2.0,,,,,0.46875,0.34375,,,,,1.8198556752231894,01sqg,,1594,,crushing long master middlegame trappedPiece,-0.125,,,,
,,0.0449722058653611,0.4632736034325595,-0.461396623252068,0.6624413457368588,c5e3,c5e3,e5d5,sacrifice,,0.0,0.0,-6.0,-9.0,0.84375,,0.03125,0.0,0.6875,0.0,0.8630636700495734,0FuWz,a7a6,2173,0.5591684108838451,advantage attraction long opening pin sacrifice,,-0.8125,-0.84375,-0.15625,-0.84375
d7e8,-0.42484352146044646,,,,,,,,quiet,0.0,,,,,0.46875,0.34375,,,,,1.6992840955380735,01yo0,,2421,,crushing long middlegame,-0.125,,,,
e6h3,-0.01897265914898938,,,,,,,,quiet,-3.0,,,,,0.28125,0.34375,,,,,2.057974488964314,01vxD,,1858,,crushing middlegame short trappedPiece,0.0625,,,,
d1e1,0.07383705365111304,,,,,,,,quiet,0.0,,,,,0.34375,0.25,,,,,1.9325167455986105,025gx,,2004,,advantage middlegame short trappedPiece,-0.09375,,,,
c1c8,-0.34462952615740217,,,,,,,,quiet,0.0,,,,,0.25,0.125,,,,,1.8825874753050804,0243k,,956,,crushing middlegame short,-0.125,,,,
f7f6,-0.27521425103085617,,,,,,,,quiet,-1.0,,,,,0.3125,0.25,,,,,1.9114133659676638,02MCr,,1547,,advantage master middlegame short,-0.0625,,,,
a1c1,-0.6792292966721747,,,,,,,,quiet,0.0,,,,,0.0,0.0625,,,,,1.3294340029249652,01xZd,,1627,,advantage middlegame short,0.0625,,,,
e3d4,0.18222169867686944,,,,,,,,quiet,0.0,,,,,0.25,0.25,,,,,2.1302408149441483,02EhR,,983,,discoveredAttack kingsideAttack master mate mateIn2 middlegame short,0.0,,,,
f8d6,-0.1517110303835416,,,,,,,,quiet,0.0,,,,,0.3125,0.1875,,,,,2.109265829249441,0252h,,1190,,mate mateIn1 middlegame oneMove,-0.125,,,,
,,-0.32744933369181517,-0.5299620173703672,0.10954511911515219,0.683392816580078,e1g1,e1g1,c4f7,sacrifice,,0.0,0.0,1.0,-3.0,0.5625,,0.125,0.125,0.65625,0.03125,1.6142855455904406,0F0NJ,f3e5,1879,0.313412626482492,attraction crushing kingsideAttack opening sacrifice trappedPiece veryLong,,-0.4375,-0.4375,0.09375,-0.53125
h1d1,0.1989720893776692,,,,,,,,quiet,0.0,,,,,0.375,0.4375,,,,,2.0550365325772657,02FEp,,860,,mate mateIn2 middlegame queensideAttack short,0.0625,,,,
c3e2,0.36635909924920695,,,,,,,,quiet,0.0,,,,,0.46875,0.5625,,,,,1.9806446448396475,01yU9,,1950,,advantage fork middlegame short,0.09375,,,,
f1f4,-0.5769088890640408,,,,,,,,quiet,-1.0,,,,,0.40625,0.28125,,,,,1.5809785861049794,02MlO,,1320,,advantage kingsideAttack middlegame pin short skewer,-0.125,,,,
h1e1,0.008861999353940941,,,,,,,,quiet,0.0,,,,,0.1875,0.25,,,,,2.118127828603382,02ESq,,1924,,advantage master middlegame veryLong,0.0625,,,,
g4g1,-0.016999150021353993,,,,,,,,quiet,-9.0,,,,,0.1875,0.125,,,,,1.8228362767133937,02TUT,,1362,,anastasiaMate master mate mateIn2 middlegame short,-0.0625,,,,
h8d8,0.43465295117020797,,,,,,,,quiet,-1.0,,,,,0.28125,0.5,,,,,1.9313493156753891,01vzt,,1146,,advantage middlegame short,0.21875,,,,
e4d2,-0.11013821225092046,,,,,,,,quiet,0.0,,,,,0.34375,0.3125,,,,,2.033608962241028,02OrN,,1803,,crushing master middlegame short,-0.03125,,,,
a1d1,0.746512368250619,,,,,,,,quiet,0.0,,,,,0.34375,0.5,,,,,1.746512368250619,02cha,,1577,,advantage middlegame quietMove short,0.15625,,,,
d6e5,0.40576925327545776,,,,,,,,quiet,0.0,,,,,0.25,0.5625,,,,,2.2158255021937237,02OC6,,2028,,crushing long middlegame,0.3125,,,,
d8d5,-0.24669636450518118,,,,,,,,quiet,0.0,,,,,0.3125,0.40625,,,,,1.7743974703476995,02Q8P,,1696,,crushing deflection long middlegame pin,0.09375,,,,
c3a2,-0.13386199935394139,,,,,,,,quiet,0.0,,,,,0.25,0.09375,,,,,2.099096205521549,02F56,,1537,,crushing middlegame short,-0.15625,,,,
d5b6,-0.5836033796309468,,,,,,,,quiet,0.0,,,,,0.375,0.34375,,,,,1.5742840955380735,02QYB,,1500,,advantage middlegame short,-0.03125,,,,
c7e5,0.04527975137549767,,,,,,,,quiet,0.0,,,,,0.34375,0.3125,,,,,2.1648505541228946,02btz,,1564,,mate mateIn1 middlegame oneMove pin,-0.03125,,,,
h4f6,0.43569198715719004,,,,,,,,quiet,0.0,,,,,0.1875,0.25,,,,,2.2871017527145816,02e95,,2259,,crushing middlegame short,0.0625,,,,
b3d5,0.8290241665334765,,,,,,,,quiet,0.0,,,,,0.25,0.03125,,,,,1.951011518271973,02Id6,,1751,,advantage defensiveMove middlegame short,-0.21875,,,,
d4d5,-0.23016061045056446,,,,,,,,quiet,0.0,,,,,0.53125,0.40625,,,,,1.8049451311431488,02P4S,,1157,,mate mateIn1 middlegame oneMove,-0.125,,,,
c1d2,-0.11614315937023223,,,,,,,,quiet,0.0,,,,,0.25,0.21875,,,,,2.1800365325772657,02QjW,,2020,,advantage master middlegame veryLong,-0.03125,,,,
d2f4,0.061311224784222684,,,,,,,,quiet,-5.0,,,,,0.15625,0.21875,,,,,1.947202335584122,02aAS,,1394,,advantage middlegame short,0.0625,,,,
a7b8,-0.013290419668825049,,,,,,,,quiet,-1.0,,,,,0.5,0.375,,,,,1.750807235905091,02fM9,,1751,,advantage master middlegame short,-0.125,,,,
g2g4,-0.5451461987150859,,,,,,,,quiet,0.0,,,,,0.03125,0.09375,,,,,1.2260002846457883,01vYY,,1046,,advantage middlegame short,0.0625,,,,
g7e5,-0.20281953111478312,,,,,,,,quiet,0.0,,,,,0.25,0.25,,,,,2.0415301730294657,02T47,,1123,,advantage master middlegame pin short,0.0,,,,
d1c1,-0.09644269772438507,,,,,,,,quiet,0.0,,,,,0.40625,0.375,,,,,1.9114133659676638,0371L,,1375,,advantage master middlegame pin queensideAttack short,-0.03125,,,,
d5f4,-0.37531754891497426,,,,,,,,quiet,-3.0,,,,,0.625,0.40625,,,,,1.5360958170526895,02uPh,,1855,,advantage middlegame short,-0.21875,,,,
f8d8,-0.1795094556748833,,,,,,,,quiet,5.0,,,,,0.59375,0.40625,,,,,1.5167028044502626,02aU0,,1275,,advantage attraction fork long middlegame,-0.1875,,,,
g7e5,-0.720598071907028,,,,,,,,quiet,0.0,,,,,0.28125,0.21875,,,,,1.4376613977946124,02Rt2,,2151,,advantage discoveredAttack master middlegame short,-0.0625,,,,
d6d5,0.0006243963512058137,,,,,,,,quiet,0.0,,,,,0.40625,0.5,,,,,1.8253231315250555,02RJ2,,1058,,advantage middlegame short,0.09375,,,,
g8h8,-0.1724968610995139,,,,,,,,quiet,0.0,,,,,0.03125,0.21875,,,,,1.9923536930233807,02f60,,2024,,crushing deflection middlegame trappedPiece veryLong,0.1875,,,,
a6c6,-0.4250801662230024,,,,,,,,quiet,-9.0,,,,,0.4375,0.28125,,,,,1.4404272549083053,02yiN,,1926,,advantage middlegame short,-0.15625,,,,
f8f7,0.028018654757492545,,,,,,,,quiet,0.0,,,,,0.125,0.09375,,,,,2.1287451922921394,02teA,,1671,,crushing middlegame short,-0.03125,,,,
g2g4,-0.195642309391586,,,,,,,,quiet,0.0,,,,,0.15625,0.21875,,,,,2.071797240726412,02OZP,,1129,,advantage capturingDefender middlegame short,0.0625,,,,
f8d8,0.08478261006865795,,,,,,,,quiet,0.0,,,,,0.21875,0.125,,,,,2.093445909665798,039eL,,2764,,crushing long middlegame,-0.09375,,,,
f5f4,-0.6014046068332186,,,,,,,,quiet,0.0,,,,,0.09375,0.15625,,,,,1.5939514568588302,036BY,,1391,,crushing hangingPiece middlegame short,0.0625,,,,
h5e2,-0.0062472444829007046,,,,,,,,quiet,0.0,,,,,0.15625,0.15625,,,,,1.8918426014908483,02ed8,,1686,,crushing middlegame veryLong,0.0,,,,
a8c8,-0.07272406934553732,,,,,,,,quiet,-5.0,,,,,0.40625,0.4375,,,,,1.908926511156002,03TUS,,1597,,advantage attraction master masterVsMaster middlegame short,0.03125,,,,
c7a5,-0.06380762437395093,,,,,,,,quiet,0.0,,,,,0.15625,0.21875,,,,,2.1086796919474975,031RQ,,1461,,crushing middlegame short,0.0625,,,,
f5f6,0.010083874894807998,,,,,,,,quiet,0.0,,,,,0.21875,0.1875,,,,,2.197169235259032,03FqH,,1701,,crushing middlegame pin short,-0.03125,,,,
c7d6,0.28752649222191207,,,,,,,,quiet,0.0,,,,,0.5,0.25,,,,,1.8903195311147831,02mvu,,1365,,crushing long master middlegame,-0.25,,,,
g2h3,-0.026393481468567348,,,,,,,,quiet,-2.0,,,,,0.40625,0.4375,,,,,1.8444849456527799,02gM8,,1534,,advancedPawn mate mateIn2 middlegame morphysMate short,0.03125,,,,
f6d7,-0.029143439577558272,,,,,,,,quiet,-3.0,,,,,0.125,0.1875,,,,,2.099601752714581,02e7X,,1962,,crushing master middlegame veryLong,0.0625,,,,
a1c3,-0.40672558800036884,,,,,,,,quiet,0.0,,,,,0.3125,0.15625,,,,,1.6820708027473967,03JWQ,,2224,,crushing middlegame pin quietMove veryLong,-0.15625,,,,
f7e7,-0.3034551610921741,,,,,,,,quiet,-5.0,,,,,0.5625,0.28125,,,,,1.7278082974885984,02hgn,,2156,,crushing fork master middlegame short,-0.28125,,,,
e7f6,-0.26867097043693056,,,,,,,,quiet,0.0,,,,,0.40625,0.4375,,,,,1.6028413978136884,031pl,,1992,,crushing middlegame short,0.03125,,,,
d6d2,0.22478574896914383,,,,,,,,quiet,-1.0,,,,,0.40625,0.375,,,,,2.057974488964314,03URI,,1554,,kingsideAttack mate mateIn1 middlegame oneMove pin,-0.03125,,,,
d5c4,0.09991414290538314,,,,,,,,quiet,0.0,,,,,0.40625,0.34375,,,,,1.9478362767133937,03E8w,,2342,,advantage fork middlegame veryLong,-0.0625,,,,
e4d3,0.1893937616758934,,,,,,,,quiet,0.0,,,,,0.28125,0.4375,,,,,2.2609768596329824,03G2c,,1903,,crushing middlegame short,0.15625,,,,
e7e6,-0.04165856696570458,,,,,,,,quiet,0.0,,,,,0.375,0.34375,,,,,2.0804399385868573,02j44,,2071,,crushing exposedKing fork middlegame veryLong,-0.03125,,,,
c2c4,0.19628635039241193,,,,,,,,quiet,0.0,,,,,0.375,0.59375,,,,,1.9362781244591327,0335U,,1468,,crushing middlegame short,0.21875,,,,
e8c8,-0.02156677559768405,,,,,,,,quiet,0.0,,,,,0.125,0.21875,,,,,1.91855363187439,02nDq,,2369,,advantage discoveredAttack discoveredCheck long middlegame,0.09375,,,,
c6c5,0.19255281666609014,,,,,,,,quiet,-1.0,,,,,0.40625,0.5,,,,,2.0312634585807725,02z4P,,1160,,crushing kingsideAttack middlegame short,0.09375,,,,
b7g2,-0.1539594433229956,,,,,,,,quiet,3.0,,,,,0.25,0.34375,,,,,1.8514097655573916,03AwK,,1493,,crushing middlegame short,0.09375,,,,
d1d2,0.08721501926267372,,,,,,,,quiet,-1.0,,,,,0.40625,0.25,,,,,2.1287451922921394,03lvG,,2355,,advantage middlegame short,-0.15625,,,,
d5c6,-0.004067237107469923,,,,,,,,quiet,0.0,,,,,0.53125,0.34375,,,,,1.715734100759607,03Vfo,,1023,,crushing fork hangingPiece master middlegame short,-0.1875,,,,
h3g4,-0.08486835890174138,,,,,,,,quiet,-1.0,,,,,0.25,0.125,,,,,2.0306390622295662,03Drl,,1485,,advantage fork middlegame short,-0.125,,,,
d6g6,-0.27377423069717066,,,,,,,,quiet,1.0,,,,,0.4375,0.25,,,,,1.6604221338080105,03rZU,,2252,,crushing defensiveMove master middlegame short,-0.1875,,,,
c3e3,0.22961631033140883,,,,,,,,quiet,0.0,,,,,0.28125,0.21875,,,,,2.1544171866886996,03KkY,,914,,crushing fork middlegame short,-0.0625,,,,
f6e8,-0.13719873517384995,,,,,,,,quiet,-3.0,,,,,0.25,0.25,,,,,1.9341963645051812,03cd7,,1802,,crushing long middlegame,0.0,,,,
f6d5,-0.03862531696750704,,,,,,,,quiet,0.0,,,,,0.25,0.09375,,,,,2.123778124459133,03YKj,,782,,crushing discoveredAttack kingsideAttack middlegame short,-0.15625,,,,
g4e5,-0.16071332065492916,,,,,,,,quiet,0.0,,,,,0.125,0.03125,,,,,1.5511841496927703,03eIH,,1699,,crushing middlegame short,-0.09375,,,,
h1a1,-0.029917575157559106,,,,,,,,quiet,0.0,,,,,0.125,0.1875,,,,,2.0882102534458227,03XeV,,1583,,advantage fork long middlegame,0.0625,,,,
a8c8,0.18889337320703414,,,,,,,,quiet,0.0,,,,,0.1875,0.25,,,,,2.160374329980682,03tkj,,2478,,advantage deflection middlegame pin veryLong,0.0625,,,,
d8e7,0.009895876616750066,,,,,,,,quiet,0.0,,,,,0.25,0.09375,,,,,2.0981061300625727,03VbK,,1334,,advantage fork long middlegame,-0.15625,,,,
g4e2,-0.09462952615740217,,,,,,,,quiet,0.0,,,,,0.40625,0.15625,,,,,1.8825874753050804,03rS2,,1761,,crushing long middlegame,-0.25,,,,
e4c2,0.048138600719779934,,,,,,,,quiet,-2.0,,,,,0.25,0.3125,,,,,2.0581573285181993,03t41,,1125,,advantage fork middlegame short,0.0625,,,,
f2f3,-0.09901045668846553,,,,,,,,quiet,0.0,,,,,0.1875,0.09375,,,,,2.0683269522460908,03oNr,,1621,,crushing discoveredAttack long middlegame,-0.09375,,,,
