regime,t,utility,guidance,stability,nondecomposable,rep_x,rep_y,p_selfish,p_direct_team,p_trigger_success,p_noise,collapse_kl,collapse_burst,representation_jump
ordinary_gradual,0.0,0.7,0.75,0.85,0.25,0.25,0.3,0.25,0.25,0.25,0.25,0.0,0.0,0.0
ordinary_gradual,1.0,0.7,0.75,0.85,0.25,0.24436708860759498,0.30610126582278485,0.24708860759493673,0.2582278481012658,0.24734177215189876,0.24734177215189876,0.00025870063137178444,0.00025870063137178444,0.008303922891920954
ordinary_gradual,2.0,0.7,0.75,0.85,0.25,0.23873417721518989,0.3122025316455696,0.24417721518987343,0.2664556962025316,0.24468354430379746,0.24468354430379746,0.0010276094238710898,0.0007689087924993053,0.008303922891920928
ordinary_gradual,3.0,0.7,0.75,0.85,0.25,0.23310126582278481,0.31830379746835447,0.24126582278481012,0.2746835443037975,0.24202531645569622,0.24202531645569622,0.002296527349543191,0.001268917925672101,0.008303922891920992
ordinary_gradual,4.0,0.7,0.75,0.85,0.25,0.22746835443037972,0.3244050632911392,0.23835443037974682,0.2829113924050633,0.23936708860759492,0.23936708860759492,0.004055989629509153,0.0017594622799659617,0.008303922891920928
ordinary_gradual,5.0,0.7,0.75,0.85,0.25,0.22183544303797467,0.3305063291139241,0.23544303797468355,0.2911392405063291,0.23670886075949368,0.23670886075949368,0.006297205772593441,0.002241216143084288,0.008303922891920973
ordinary_gradual,6.0,0.7,0.75,0.85,0.25,0.21620253164556963,0.3366075949367089,0.23253164556962028,0.299367088607595,0.23405063291139241,0.23405063291139241,0.009012006585457012,0.0027148008128635714,0.008303922891920931
ordinary_gradual,7.0,0.7,0.75,0.85,0.25,0.21056962025316453,0.3427088607594937,0.22962025316455695,0.30759493670886073,0.23139240506329115,0.23139240506329115,0.01219279720632194,0.0031807906208649282,0.00830392289192097
ordinary_gradual,8.0,0.7,0.75,0.85,0.25,0.2049367088607595,0.3488101265822785,0.22670886075949367,0.3158227848101266,0.22873417721518988,0.22873417721518988,0.01583251536740722,0.0036397181610852807,0.008303922891920931
ordinary_gradual,9.0,0.7,0.75,0.85,0.25,0.19930379746835447,0.3549113924050633,0.2237974683544304,0.3240506329113924,0.22607594936708864,0.22607594936708864,0.01992459421636334,0.00409207884895612,0.008303922891920912
ordinary_gradual,10.0,0.7,0.75,0.85,0.25,0.19367088607594937,0.3610126582278481,0.2208860759493671,0.3322784810126582,0.22341772151898734,0.22341772151898734,0.024462929129966185,0.004538334913602844,0.00830392289192097
ordinary_gradual,11.0,0.7,0.75,0.85,0.25,0.1880379746835443,0.3671139240506329,0.2179746835443038,0.3405063291139241,0.2207594936708861,0.2207594936708861,0.029441848038502756,0.004978918908536571,0.00830392289192095
ordinary_gradual,12.0,0.7,0.75,0.85,0.25,0.18240506329113923,0.37321518987341773,0.2150632911392405,0.34873417721518984,0.2181012658227848,0.2181012658227848,0.0348560848501199,0.005414236811617144,0.00830392289192095
ordinary_gradual,13.0,0.7,0.75,0.85,0.25,0.1767721518987342,0.37931645569620254,0.21215189873417722,0.3569620253164557,0.21544303797468356,0.21544303797468356,0.040700755623626995,0.005844670773507095,0.008303922891920931
ordinary_gradual,14.0,0.7,0.75,0.85,0.25,0.17113924050632912,0.3854177215189873,0.20924050632911392,0.3651898734177215,0.21278481012658226,0.21278481012658226,0.046971337187975845,0.00627058156434885,0.00830392289192091
ordinary_gradual,15.0,0.7,0.75,0.85,0.25,0.16550632911392404,0.39151898734177215,0.20632911392405062,0.37341772151898733,0.21012658227848102,0.21012658227848102,0.05366364794864835,0.006692310760672504,0.008303922891920992
ordinary_gradual,16.0,0.7,0.75,0.85,0.25,0.15987341772151897,0.397620253164557,0.20341772151898735,0.3816455696202532,0.20746835443037975,0.20746835443037975,0.06077383065678708,0.007110182708138728,0.008303922891920992
ordinary_gradual,17.0,0.7,0.75,0.85,0.25,0.15424050632911393,0.40372151898734177,0.20050632911392405,0.38987341772151896,0.20481012658227848,0.20481012658227848,0.06829833694727129,0.007524506290484213,0.008303922891920891
ordinary_gradual,18.0,0.7,0.75,0.85,0.25,0.14860759493670886,0.4098227848101266,0.19759493670886077,0.3981012658227848,0.20215189873417722,0.20215189873417722,0.07623391347793347,0.00793557653066218,0.00830392289192095
ordinary_gradual,19.0,0.7,0.75,0.85,0.25,0.1429746835443038,0.41592405063291144,0.19468354430379747,0.4063291139240507,0.19949367088607597,0.19949367088607597,0.0845775895244782,0.008343676046544735,0.008303922891920992
ordinary_gradual,20.0,0.7,0.75,0.85,0.25,0.13734177215189874,0.4220253164556962,0.19177215189873417,0.41455696202531644,0.19683544303797468,0.19683544303797468,0.09332666590502295,0.008749076380544743,0.008303922891920891
ordinary_gradual,21.0,0.7,0.75,0.85,0.25,0.13170886075949367,0.428126582278481,0.1888607594936709,0.42278481012658226,0.1941772151898734,0.1941772151898734,0.1024787051250002,0.009152039219977245,0.00830392289192095
ordinary_gradual,22.0,0.7,0.75,0.85,0.25,0.12607594936708866,0.43422784810126586,0.18594936708860763,0.4310126582278481,0.19151898734177217,0.19151898734177217,0.1120315226478679,0.009552817522867713,0.008303922891920954
ordinary_gradual,23.0,0.7,0.75,0.85,0.25,0.12044303797468356,0.44032911392405066,0.1830379746835443,0.43924050632911393,0.1888607594936709,0.1888607594936709,0.12198317921002806,0.009951656562160155,0.00830392289192097
ordinary_gradual,24.0,0.7,0.75,0.85,0.25,0.11481012658227847,0.44643037974683536,0.180126582278481,0.44746835443037974,0.1862025316455696,0.1862025316455696,0.13233197410981112,0.010348794899783062,0.00830392289192088
ordinary_gradual,25.0,0.7,0.75,0.85,0.25,0.10917721518987342,0.4525316455696202,0.17721518987341772,0.45569620253164556,0.18354430379746836,0.18354430379746836,0.1430764394106097,0.010744465300798589,0.008303922891920982
ordinary_gradual,26.0,0.7,0.75,0.85,0.25,0.10354430379746836,0.45863291139240503,0.17430379746835445,0.46392405063291137,0.1808860759493671,0.1808860759493671,0.15421533500745,0.011138895596840281,0.00830392289192094
ordinary_gradual,27.0,0.7,0.75,0.85,0.25,0.09791139240506327,0.46473417721518984,0.17139240506329112,0.4721518987341772,0.17822784810126582,0.17822784810126582,0.16574764451463733,0.011532309507187338,0.00830392289192096
ordinary_gradual,28.0,0.7,0.75,0.85,0.25,0.09227848101265822,0.47083544303797464,0.16848101265822785,0.48037974683544304,0.17556962025316455,0.17556962025316455,0.1776725719397721,0.011924927425134763,0.00830392289192094
ordinary_gradual,29.0,0.7,0.75,0.85,0.25,0.08664556962025317,0.47693670886075956,0.16556962025316457,0.4886075949367089,0.1729113924050633,0.1729113924050633,0.1899895391165306,0.012316967176758509,0.008303922891921013
ordinary_gradual,30.0,0.7,0.75,0.85,0.25,0.0810126582278481,0.4830379746835443,0.16265822784810127,0.4968354430379747,0.17025316455696202,0.17025316455696202,0.20269818387527994,0.012708644758749332,0.00830392289192091
ordinary_gradual,31.0,0.7,0.75,0.85,0.25,0.07537974683544303,0.4891392405063291,0.15974683544303797,0.5050632911392405,0.16759493670886078,0.16759493670886078,0.21579835893693536,0.013100175061655422,0.00830392289192095
ordinary_gradual,32.0,0.7,0.75,0.85,0.25,0.06974683544303799,0.495240506329114,0.1568354430379747,0.5132911392405064,0.1649367088607595,0.1649367088607595,0.2292901315215981,0.013491772584662748,0.008303922891920973
ordinary_gradual,33.0,0.7,0.75,0.85,0.25,0.06411392405063293,0.5013417721518987,0.1539240506329114,0.5215189873417722,0.16227848101265824,0.16227848101265824,0.24317378366952003,0.013883652147921921,0.008303922891920858
ordinary_gradual,34.0,0.7,0.75,0.85,0.25,0.058481012658227874,0.5074430379746835,0.15101265822784812,0.529746835443038,0.15962025316455697,0.15962025316455697,0.25744981327791655,0.014276029608396523,0.00830392289192094
ordinary_gradual,35.0,0.7,0.75,0.85,0.25,0.0528481012658228,0.5135443037974684,0.14810126582278482,0.5379746835443038,0.15696202531645573,0.15696202531645573,0.2721189358632003,0.014669122585283745,0.008303922891921032
ordinary_gradual,36.0,0.7,0.75,0.85,0.25,0.047215189873417704,0.5196455696202532,0.14518987341772152,0.5462025316455696,0.15430379746835443,0.15430379746835443,0.28718208706442416,0.015063151201223868,0.00830392289192097
ordinary_gradual,37.0,0.7,0.75,0.85,0.25,0.04158227848101262,0.525746835443038,0.14227848101265822,0.5544303797468355,0.15164556962025316,0.15164556962025316,0.3026404259102028,0.01545833884577863,0.00830392289192096
ordinary_gradual,38.0,0.7,0.75,0.85,0.25,0.0359493670886076,0.5318481012658227,0.13936708860759495,0.5626582278481013,0.1489873417721519,0.1489873417721519,0.31849533887823855,0.01585491296803576,0.00830392289192083
ordinary_gradual,39.0,0.7,0.75,0.85,0.25,0.03031645569620252,0.5379493670886076,0.13645569620253165,0.5708860759493671,0.14632911392405065,0.14632911392405065,0.33474844478393756,0.016253105905699006,0.008303922891921042
ordinary_gradual,40.0,0.7,0.75,0.85,0.25,0.02468354430379746,0.5440506329113923,0.13354430379746834,0.5791139240506329,0.14367088607594936,0.14367088607594936,0.3514016005425772,0.016653155758639626,0.008303922891920858
ordinary_gradual,41.0,0.7,0.75,0.85,0.25,0.019050632911392418,0.5501518987341772,0.13063291139240507,0.5873417721518988,0.14101265822784811,0.14101265822784811,0.3684569078582591,0.01705530731568189,0.008303922891921013
ordinary_gradual,42.0,0.7,0.75,0.85,0.25,0.013417721518987388,0.5562531645569619,0.1277215189873418,0.5955696202531645,0.13835443037974685,0.13835443037974685,0.3859167209025906,0.01745981304433153,0.008303922891920841
ordinary_gradual,43.0,0.7,0.75,0.85,0.25,0.0077848101265822894,0.5623544303797468,0.12481012658227848,0.6037974683544304,0.13569620253164558,0.13569620253164558,0.40378365505691843,0.01786693415432783,0.00830392289192097
ordinary_gradual,44.0,0.7,0.75,0.85,0.25,0.0021518987341772183,0.5684556962025317,0.1218987341772152,0.6120253164556962,0.1330379746835443,0.1330379746835443,0.42206059680420743,0.018276941747289,0.008303922891921032
ordinary_gradual,45.0,0.7,0.75,0.85,0.25,-0.0034810126582278667,0.5745569620253165,0.1189873417721519,0.6202531645569621,0.13037974683544304,0.13037974683544304,0.44075071487059914,0.018690118066391703,0.00830392289192096
ordinary_gradual,46.0,0.7,0.75,0.85,0.25,-0.00911392405063291,0.5806582278481013,0.11607594936708861,0.6284810126582279,0.12772151898734177,0.12772151898734177,0.45985747273265665,0.01910675786205751,0.008303922891920931
ordinary_gradual,47.0,0.7,0.75,0.85,0.25,-0.01474683544303794,0.586759493670886,0.11316455696202533,0.6367088607594936,0.12506329113924053,0.12506329113924053,0.4793846426246843,0.01952716989202763,0.008303922891920841
ordinary_gradual,48.0,0.7,0.75,0.85,0.25,-0.020379746835443052,0.5928607594936709,0.11025316455696202,0.6449367088607595,0.12240506329113923,0.12240506329113923,0.49933632120181226,0.019951678577127985,0.00830392289192106
ordinary_gradual,49.0,0.7,0.75,0.85,0.25,-0.026012658227848068,0.5989620253164556,0.10734177215189875,0.6531645569620252,0.11974683544303798,0.11974683544303798,0.5197169470393761,0.020380625837563837,0.00830392289192083
ordinary_gradual,50.0,0.7,0.75,0.85,0.25,-0.03164556962025318,0.6050632911392406,0.10443037974683544,0.6613924050632912,0.11708860759493671,0.11708860759493671,0.5405313201782005,0.020814373138824394,0.008303922891921141
ordinary_gradual,51.0,0.7,0.75,0.85,0.25,-0.037278481012658224,0.6111645569620253,0.10151898734177216,0.669620253164557,0.11443037974683544,0.11443037974683544,0.5617846239596723,0.021253303781471833,0.00830392289192085
ordinary_gradual,52.0,0.7,0.75,0.85,0.25,-0.04291139240506327,0.6172658227848101,0.09860759493670887,0.6778481012658227,0.11177215189873418,0.11177215189873418,0.5834824494350934,0.021697825475421095,0.008303922891920931
ordinary_gradual,53.0,0.7,0.75,0.85,0.25,-0.04854430379746835,0.6233670886075949,0.09569620253164557,0.6860759493670886,0.10911392405063292,0.10911392405063292,0.605630822682125,0.02214837324703156,0.00830392289192096
ordinary_gradual,54.0,0.7,0.75,0.85,0.25,-0.05417721518987341,0.6294683544303797,0.0927848101265823,0.6943037974683545,0.10645569620253166,0.10645569620253166,0.6282362354190503,0.02260541273692529,0.00830392289192094
ordinary_gradual,55.0,0.7,0.75,0.85,0.25,-0.05981012658227848,0.6355696202531645,0.08987341772151898,0.7025316455696202,0.10379746835443038,0.10379746835443038,0.6513056793772981,0.023069443958247837,0.00830392289192095
ordinary_gradual,56.0,0.7,0.75,0.85,0.25,-0.06544303797468355,0.6416708860759494,0.0869620253164557,0.7107594936708861,0.10113924050632911,0.10113924050632911,0.6748466849771417,0.023541005599843623,0.00830392289192095
ordinary_gradual,57.0,0.7,0.75,0.85,0.25,-0.07107594936708861,0.6477721518987343,0.08405063291139242,0.718987341772152,0.09848101265822785,0.09848101265822785,0.6988673649544619,0.02402067997732016,0.008303922891921023
ordinary_gradual,58.0,0.7,0.75,0.85,0.25,-0.07670886075949371,0.6538734177215191,0.0811392405063291,0.7272151898734178,0.09582278481012657,0.09582278481012657,0.7233764637128345,0.024509098758372594,0.00830392289192097
ordinary_gradual,59.0,0.7,0.75,0.85,0.25,-0.08234177215189874,0.6599746835443039,0.07822784810126583,0.7354430379746836,0.09316455696202532,0.09316455696202532,0.7483834133313008,0.02500694961846628,0.008303922891920923
ordinary_gradual,60.0,0.7,0.75,0.85,0.25,-0.08797468354430384,0.6660759493670887,0.07531645569620252,0.7436708860759494,0.09050632911392403,0.09050632911392403,0.7738983973524909,0.025514984021190124,0.00830392289192097
ordinary_gradual,61.0,0.7,0.75,0.85,0.25,-0.09360759493670885,0.6721772151898735,0.07240506329113924,0.7518987341772152,0.08784810126582279,0.08784810126582279,0.7999324237194823,0.02603402636699137,0.008303922891920912
ordinary_gradual,62.0,0.7,0.75,0.85,0.25,-0.09924050632911394,0.6782784810126583,0.06949367088607596,0.7601265822784811,0.08518987341772152,0.08518987341772152,0.8264974085380822,0.026564984818599924,0.00830392289192096
ordinary_gradual,63.0,0.7,0.75,0.85,0.25,-0.10487341772151901,0.684379746835443,0.06658227848101266,0.7683544303797469,0.08253164556962025,0.08253164556962025,0.8536062727346736,0.02710886419659142,0.008303922891920869
ordinary_gradual,64.0,0.7,0.75,0.85,0.25,-0.11050632911392405,0.6904810126582278,0.06367088607594937,0.7765822784810127,0.07987341772151899,0.07987341772151899,0.8812730541869126,0.027666781452238998,0.008303922891920931
ordinary_gradual,65.0,0.7,0.75,0.85,0.25,-0.11613924050632915,0.6965822784810126,0.06075949367088607,0.7848101265822786,0.07721518987341772,0.07721518987341772,0.9095130385650478,0.02823998437813524,0.00830392289192097
ordinary_gradual,66.0,0.7,0.75,0.85,0.25,-0.12177215189873418,0.7026835443037974,0.05784810126582278,0.7930379746835443,0.07455696202531645,0.07455696202531645,0.938342912991793,0.028829874426745117,0.008303922891920923
ordinary_gradual,67.0,0.7,0.75,0.85,0.25,-0.1274050632911392,0.7087848101265821,0.054936708860759506,0.8012658227848101,0.0718987341772152,0.0718987341772152,0.9677809477895174,0.029438034797724444,0.008303922891920841
ordinary_gradual,68.0,0.7,0.75,0.85,0.25,-0.13303797468354434,0.714886075949367,0.05202531645569619,0.8094936708860759,0.06924050632911391,0.06924050632911391,0.9978472131533599,0.030066265363842493,0.00830392289192107
ordinary_gradual,69.0,0.7,0.75,0.85,0.25,-0.13867088607594935,0.7209873417721517,0.04911392405063292,0.8177215189873417,0.06658227848101267,0.06658227848101267,1.0285638397442765,0.030716626590916563,0.00830392289192083
ordinary_gradual,70.0,0.7,0.75,0.85,0.25,-0.14430379746835442,0.7270886075949367,0.04620253164556963,0.8259493670886076,0.0639240506329114,0.0639240506329114,1.0599553352050353,0.03139149546075881,0.008303922891921032
ordinary_gradual,71.0,0.7,0.75,0.85,0.25,-0.1499367088607595,0.7331898734177215,0.04329113924050633,0.8341772151898734,0.061265822784810124,0.061265822784810124,1.092048972881535,0.03209363767649975,0.00830392289192095
ordinary_gradual,72.0,0.7,0.75,0.85,0.25,-0.15556962025316456,0.7392911392405064,0.04037974683544304,0.8424050632911393,0.05860759493670887,0.05860759493670887,1.1248752752455156,0.03282630236398054,0.008303922891921032
ordinary_gradual,73.0,0.7,0.75,0.85,0.25,-0.16120253164556966,0.7453924050632912,0.03746835443037974,0.8506329113924052,0.055949367088607586,0.055949367088607586,1.1584686237500132,0.03359334850449769,0.00830392289192097
ordinary_gradual,74.0,0.7,0.75,0.85,0.25,-0.1668354430379747,0.751493670886076,0.034556962025316454,0.8588607594936709,0.05329113924050633,0.05329113924050633,1.1928680409431984,0.03439941719318518,0.008303922891920931
ordinary_gradual,75.0,0.7,0.75,0.85,0.25,-0.17246835443037972,0.7575949367088607,0.03164556962025318,0.8670886075949367,0.050632911392405076,0.050632911392405076,1.2281182128357389,0.03525017189254043,0.00830392289192083
ordinary_gradual,76.0,0.7,0.75,0.85,0.25,-0.17810126582278482,0.7636962025316456,0.02873417721518987,0.8753164556962025,0.047974683544303794,0.047974683544303794,1.2642708556241855,0.036152642788446654,0.008303922891921051
ordinary_gradual,77.0,0.7,0.75,0.85,0.25,-0.18373417721518986,0.7697974683544304,0.02582278481012659,0.8835443037974684,0.04531645569620254,0.04531645569620254,1.3013865921165972,0.03711573649241173,0.008303922891920931
ordinary_gradual,78.0,0.7,0.75,0.85,0.25,-0.18936708860759496,0.7758987341772152,0.02291139240506328,0.8917721518987343,0.042658227848101256,0.042658227848101256,1.3395376121825389,0.03815102006594162,0.00830392289192097
ordinary_gradual,79.0,0.7,0.75,0.85,0.25,-0.195,0.782,0.02,0.9,0.04,0.04,1.3788115969219825,0.03927398473944366,0.008303922891920931
reward_shaped,0.0,0.85,0.95,0.96,0.2,0.25,0.3,0.25,0.25,0.25,0.25,0.0,0.0,0.0
reward_shaped,1.0,0.85,0.95,0.96,0.2,0.24239556962025316,0.3082367088607595,0.24606962025316456,0.2611075949367089,0.2464113924050633,0.2464113924050633,0.0004703208200503538,0.0004703208200503538,0.011210295904093288
reward_shaped,2.0,0.85,0.95,0.96,0.2,0.23479113924050635,0.31647341772151905,0.24213924050632912,0.27221518987341775,0.2428227848101266,0.2428227848101266,0.0018639277097424571,0.0013936068896921033,0.01121029590409331
reward_shaped,3.0,0.85,0.95,0.96,0.2,0.22718670886075948,0.32471012658227844,0.23820886075949366,0.28332278481012657,0.23923417721518986,0.23923417721518986,0.004156679123900383,0.002292751414157926,0.011210295904093226
reward_shaped,4.0,0.85,0.95,0.96,0.2,0.21958227848101264,0.332946835443038,0.23427848101265822,0.29443037974683545,0.23564556962025315,0.23564556962025315,0.007326733643158816,0.0031700545192584334,0.01121029590409333
reward_shaped,5.0,0.85,0.95,0.96,0.2,0.2119778481012658,0.3411835443037975,0.23034810126582278,0.3055379746835443,0.23205696202531645,0.23205696202531645,0.011354307961938138,0.004027574318779321,0.011210295904093288
reward_shaped,6.0,0.85,0.95,0.96,0.2,0.20437341772151899,0.349420253164557,0.22641772151898734,0.31664556962025314,0.22846835443037974,0.22846835443037974,0.01622147126739392,0.004867163305455783,0.01121029590409327
reward_shaped,7.0,0.85,0.95,0.96,0.2,0.19676898734177217,0.35765696202531644,0.2224873417721519,0.327753164556962,0.22487974683544304,0.22487974683544304,0.021911969709709433,0.005690498442315513,0.011210295904093228
reward_shaped,8.0,0.85,0.95,0.96,0.2,0.1891645569620253,0.36589367088607594,0.21855696202531644,0.3388607594936709,0.2212911392405063,0.2212911392405063,0.02841107595593497,0.0064991062462255375,0.011210295904093306
reward_shaped,9.0,0.85,0.95,0.96,0.2,0.18156012658227844,0.37413037974683544,0.214626582278481,0.34996835443037977,0.2177025316455696,0.2177025316455696,0.035705459815535884,0.007294383859600913,0.011210295904093306
reward_shaped,10.0,0.85,0.95,0.96,0.2,0.17395569620253162,0.38236708860759494,0.21069620253164556,0.36107594936708864,0.2141139240506329,0.2141139240506329,0.04378307670129858,0.008077616885762695,0.01121029590409327
reward_shaped,11.0,0.85,0.95,0.96,0.2,0.1663512658227848,0.3906037974683544,0.20676582278481012,0.37218354430379746,0.2105253164556962,0.2105253164556962,0.052633071298774266,0.008849994597475687,0.011210295904093228
reward_shaped,12.0,0.85,0.95,0.96,0.2,0.15874683544303797,0.3988405063291139,0.20283544303797468,0.38329113924050634,0.2069367088607595,0.2069367088607595,0.062245694300855435,0.00961262300208117,0.011210295904093288
reward_shaped,13.0,0.85,0.95,0.96,0.2,0.15114240506329116,0.4070772151898734,0.19890506329113924,0.39439873417721516,0.20334810126582278,0.20334810126582278,0.07261223045087911,0.010366536150023677,0.01121029590409327
reward_shaped,14.0,0.85,0.95,0.96,0.2,0.1435379746835443,0.41531392405063294,0.1949746835443038,0.4055063291139241,0.19975949367088608,0.19975949367088608,0.0837249364498543,0.011112705998975195,0.011210295904093347
reward_shaped,15.0,0.85,0.95,0.96,0.2,0.13593354430379745,0.42355063291139244,0.19104430379746834,0.4166139240506329,0.19617088607594935,0.19617088607594935,0.09557698753763305,0.011852051087778745,0.011210295904093288
reward_shaped,16.0,0.85,0.95,0.96,0.2,0.12832911392405064,0.43178734177215194,0.1871139240506329,0.4277215189873418,0.19258227848101267,0.19258227848101267,0.10816243176680337,0.012585444229170323,0.01121029590409327
reward_shaped,17.0,0.85,0.95,0.96,0.2,0.1207246835443038,0.4400240506329114,0.18318354430379746,0.43882911392405066,0.18899367088607597,0.18899367088607597,0.12147615116147248,0.013313719394669105,0.011210295904093247
reward_shaped,18.0,0.85,0.95,0.96,0.2,0.11312025316455694,0.4482607594936709,0.179253164556962,0.4499367088607595,0.18540506329113923,0.18540506329113923,0.13551382909861942,0.014037677937146942,0.011210295904093297
reward_shaped,19.0,0.85,0.95,0.96,0.2,0.10551582278481013,0.4564974683544304,0.1753227848101266,0.46104430379746836,0.18181645569620256,0.18181645569620256,0.15027192337321116,0.014758094274591738,0.01121029590409327
reward_shaped,20.0,0.85,0.95,0.96,0.2,0.09791139240506326,0.4647341772151899,0.17139240506329112,0.47215189873417723,0.17822784810126582,0.17822784810126582,0.16574764451463744,0.015475721141426285,0.011210295904093306
reward_shaped,21.0,0.85,0.95,0.96,0.2,0.09030696202531649,0.47297088607594934,0.1674620253164557,0.48325949367088605,0.17463924050632915,0.17463924050632915,0.18193893901506092,0.016191294500423475,0.0112102959040932
reward_shaped,22.0,0.85,0.95,0.96,0.2,0.08270253164556962,0.48120759493670884,0.16353164556962024,0.49436708860759493,0.17105063291139241,0.17105063291139241,0.19884447721316012,0.0169055381980992,0.011210295904093306
reward_shaped,23.0,0.85,0.95,0.96,0.2,0.07509810126582274,0.48944430379746834,0.15960126582278478,0.5054746835443038,0.16746202531645568,0.16746202531645568,0.21646364565219797,0.017619168439037852,0.011210295904093316
reward_shaped,24.0,0.85,0.95,0.96,0.2,0.06749367088607595,0.49768101265822784,0.15567088607594937,0.5165822784810127,0.163873417721519,0.163873417721519,0.23479654380166598,0.018332898149468008,0.01121029590409325
reward_shaped,25.0,0.85,0.95,0.96,0.2,0.05988924050632907,0.5059177215189874,0.1517405063291139,0.5276898734177216,0.16028481012658227,0.16028481012658227,0.2538439850990534,0.019047441297387446,0.011210295904093358
reward_shaped,26.0,0.85,0.95,0.96,0.2,0.0522848101265823,0.5141544303797467,0.1478101265822785,0.5387974683544303,0.1566962025316456,0.1566962025316456,0.2736075023345274,0.019763517235473982,0.011210295904093118
reward_shaped,27.0,0.85,0.95,0.96,0.2,0.04468037974683542,0.5223911392405064,0.14387974683544302,0.5499050632911393,0.15310759493670886,0.15310759493670886,0.29408935746839976,0.02048185513387235,0.011210295904093438
reward_shaped,28.0,0.85,0.95,0.96,0.2,0.03707594936708858,0.530627848101266,0.13994936708860758,0.5610126582278482,0.14951898734177216,0.14951898734177216,0.31529255604117806,0.021203198572778303,0.01121029590409333
reward_shaped,29.0,0.85,0.95,0.96,0.2,0.029471518987341752,0.5388645569620254,0.13601898734177215,0.5721202531645571,0.14593037974683545,0.14593037974683545,0.3372208664108649,0.021928310369686843,0.011210295904093238
reward_shaped,30.0,0.85,0.95,0.96,0.2,0.02186708860759491,0.5471012658227848,0.13208860759493668,0.5832278481012658,0.14234177215189872,0.14234177215189872,0.3598788441343281,0.022657977723463174,0.011210295904093247
reward_shaped,31.0,0.85,0.95,0.96,0.2,0.014262658227848085,0.5553379746835443,0.12815822784810127,0.5943354430379747,0.13875316455696202,0.13875316455696202,0.38327186190179585,0.023393017767467772,0.011210295904093238
reward_shaped,32.0,0.85,0.95,0.96,0.2,0.0066582278481012586,0.5635746835443037,0.12422784810126582,0.6054430379746836,0.1351645569620253,0.1351645569620253,0.4074061455390433,0.024134283637247456,0.011210295904093238
reward_shaped,33.0,0.85,0.95,0.96,0.2,-0.0009462025316455819,0.5718113924050634,0.12029746835443038,0.6165506329113924,0.1315759493670886,0.1315759493670886,0.4322888167147082,0.024882671175664894,0.01121029590409341
reward_shaped,34.0,0.85,0.95,0.96,0.2,-0.00855063291139245,0.5800481012658227,0.11636708860759491,0.6276582278481013,0.12798734177215187,0.12798734177215187,0.4579279431352725,0.025639126420564318,0.011210295904093184
reward_shaped,35.0,0.85,0.95,0.96,0.2,-0.01615506329113922,0.5882848101265822,0.1124367088607595,0.6387658227848101,0.1243987341772152,0.1243987341772152,0.4843325971839815,0.026404654048708953,0.0112102959040932
reward_shaped,36.0,0.85,0.95,0.96,0.2,-0.023759493670886103,0.5965215189873418,0.10850632911392405,0.6498734177215191,0.12081012658227848,0.12081012658227848,0.5115129241703424,0.02718032698636097,0.011210295904093438
reward_shaped,37.0,0.85,0.95,0.96,0.2,-0.031363924050632916,0.6047582278481012,0.1045759493670886,0.6609810126582278,0.11722151898734176,0.11722151898734176,0.5394802216143999,0.02796729744405746,0.011210295904093146
reward_shaped,38.0,0.85,0.95,0.96,0.2,-0.038968354430379756,0.6129949367088607,0.10064556962025316,0.6720886075949367,0.11363291139240506,0.11363291139240506,0.568247031308541,0.028766809694141138,0.01121029590409333
reward_shaped,39.0,0.85,0.95,0.96,0.2,-0.04657278481012665,0.6212316455696204,0.09671518987341769,0.6831962025316457,0.11004430379746832,0.11004430379746832,0.5978272462974767,0.029580214988935705,0.011210295904093448
reward_shaped,40.0,0.85,0.95,0.96,0.2,-0.054177215189873465,0.6294683544303797,0.09278481012658225,0.6943037974683545,0.10645569620253162,0.10645569620253162,0.6282362354190503,0.030408989121573526,0.011210295904093146
reward_shaped,41.0,0.85,0.95,0.96,0.2,-0.06178164556962029,0.6377050632911393,0.08885443037974682,0.7054113924050633,0.10286708860759491,0.10286708860759491,0.6594909886882351,0.03125475326918481,0.01121029590409332
reward_shaped,42.0,0.85,0.95,0.96,0.2,-0.06938607594936706,0.6459417721518987,0.0849240506329114,0.7165189873417721,0.09927848101265824,0.09927848101265824,0.6916102876305072,0.03211929894227217,0.0112102959040932
reward_shaped,43.0,0.85,0.95,0.96,0.2,-0.07699050632911396,0.6541784810126583,0.08099367088607594,0.7276265822784811,0.0956898734177215,0.0956898734177215,0.7246149057434927,0.033004618112985495,0.011210295904093366
reward_shaped,44.0,0.85,0.95,0.96,0.2,-0.08459493670886077,0.6624151898734176,0.0770632911392405,0.7387341772151899,0.0921012658227848,0.0921012658227848,0.7585278456791467,0.03391293993565392,0.011210295904093146
reward_shaped,45.0,0.85,0.95,0.96,0.2,-0.09219936708860764,0.6706518987341773,0.07313291139240505,0.7498417721518988,0.08851265822784808,0.08851265822784808,0.7933746216247882,0.03484677594564156,0.011210295904093429
reward_shaped,46.0,0.85,0.95,0.96,0.2,-0.09980379746835445,0.6788886075949366,0.06920253164556961,0.7609493670886076,0.08492405063291138,0.08492405063291138,0.8291835979132267,0.03580897628843849,0.011210295904093146
reward_shaped,47.0,0.85,0.95,0.96,0.2,-0.10740822784810126,0.6871253164556962,0.06527215189873418,0.7720569620253165,0.08133544303797469,0.08133544303797469,0.865986398397994,0.03680280048476725,0.01121029590409331
reward_shaped,48.0,0.85,0.95,0.96,0.2,-0.11501265822784812,0.6953620253164557,0.061341772151898726,0.7831645569620254,0.07774683544303797,0.07774683544303797,0.9038184060271356,0.03783200762914163,0.011210295904093337
reward_shaped,49.0,0.85,0.95,0.96,0.2,-0.12261708860759496,0.7035987341772152,0.05741139240506329,0.7942721518987342,0.07415822784810126,0.07415822784810126,0.942719379019556,0.03890097299242046,0.011210295904093247
reward_shaped,50.0,0.85,0.95,0.96,0.2,-0.13022151898734183,0.7118354430379747,0.05348101265822783,0.8053797468354431,0.07056962025316454,0.07056962025316454,0.9827342201782967,0.040014841158740655,0.011210295904093347
reward_shaped,51.0,0.85,0.95,0.96,0.2,-0.13782594936708864,0.7200721518987343,0.04955063291139239,0.816487341772152,0.06698101265822784,0.06698101265822784,1.0239139509489625,0.041179730770665834,0.01121029590409331
reward_shaped,52.0,0.85,0.95,0.96,0.2,-0.14543037974683543,0.7283088607594936,0.04562025316455697,0.8275949367088608,0.06339240506329115,0.06339240506329115,1.0663169648705404,0.04240301392157786,0.011210295904093129
reward_shaped,53.0,0.85,0.95,0.96,0.2,-0.15303481012658232,0.7365455696202532,0.04168987341772151,0.8387025316455697,0.059803797468354424,0.059803797468354424,1.1100106713795013,0.04369370650896087,0.011210295904093366
reward_shaped,54.0,0.85,0.95,0.96,0.2,-0.16063924050632913,0.7447822784810126,0.037759493670886074,0.8498101265822785,0.05621518987341772,0.05621518987341772,1.1550737002440308,0.04506302886452951,0.011210295904093228
reward_shaped,55.0,0.85,0.95,0.96,0.2,-0.168243670886076,0.7530189873417722,0.03382911392405061,0.8609177215189875,0.052626582278480986,0.052626582278480986,1.2015989379361662,0.04652523769213546,0.011210295904093347
reward_shaped,56.0,0.85,0.95,0.96,0.2,-0.17584810126582281,0.7612556962025316,0.029898734177215166,0.8720253164556963,0.04903797468354428,0.04903797468354428,1.2496978481170609,0.04809891018089463,0.011210295904093228
reward_shaped,57.0,0.85,0.95,0.96,0.2,-0.18345253164556963,0.7694924050632912,0.025968354430379755,0.8831329113924051,0.045449367088607605,0.045449367088607605,1.299506872300336,0.04980902418327515,0.01121029590409331
reward_shaped,58.0,0.85,0.95,0.96,0.2,-0.1910569620253165,0.7777291139240506,0.02203797468354429,0.894240506329114,0.04186075949367087,0.04186075949367087,1.3511974110838059,0.05169053878346985,0.011210295904093266
reward_shaped,59.0,0.85,0.95,0.96,0.2,-0.195,0.782,0.02,0.9,0.04,0.04,1.3788115969219825,0.027614185838176653,0.005812746024344655
reward_shaped,60.0,0.85,0.95,0.96,0.2,-0.195,0.782,0.02,0.9,0.04,0.04,1.3788115969219825,0.0,0.0
reward_shaped,61.0,0.85,0.95,0.96,0.2,-0.195,0.782,0.02,0.9,0.04,0.04,1.3788115969219825,0.0,0.0
reward_shaped,62.0,0.85,0.95,0.96,0.2,-0.195,0.782,0.02,0.9,0.04,0.04,1.3788115969219825,0.0,0.0
reward_shaped,63.0,0.85,0.95,0.96,0.2,-0.195,0.782,0.02,0.9,0.04,0.04,1.3788115969219825,0.0,0.0
reward_shaped,64.0,0.85,0.95,0.96,0.2,-0.195,0.782,0.02,0.9,0.04,0.04,1.3788115969219825,0.0,0.0
reward_shaped,65.0,0.85,0.95,0.96,0.2,-0.195,0.782,0.02,0.9,0.04,0.04,1.3788115969219825,0.0,0.0
reward_shaped,66.0,0.85,0.95,0.96,0.2,-0.195,0.782,0.02,0.9,0.04,0.04,1.3788115969219825,0.0,0.0
reward_shaped,67.0,0.85,0.95,0.96,0.2,-0.195,0.782,0.02,0.9,0.04,0.04,1.3788115969219825,0.0,0.0
reward_shaped,68.0,0.85,0.95,0.96,0.2,-0.195,0.782,0.02,0.9,0.04,0.04,1.3788115969219825,0.0,0.0
reward_shaped,69.0,0.85,0.95,0.96,0.2,-0.195,0.782,0.02,0.9,0.04,0.04,1.3788115969219825,0.0,0.0
reward_shaped,70.0,0.85,0.95,0.96,0.2,-0.195,0.782,0.02,0.9,0.04,0.04,1.3788115969219825,0.0,0.0
reward_shaped,71.0,0.85,0.95,0.96,0.2,-0.195,0.782,0.02,0.9,0.04,0.04,1.3788115969219825,0.0,0.0
reward_shaped,72.0,0.85,0.95,0.96,0.2,-0.195,0.782,0.02,0.9,0.04,0.04,1.3788115969219825,0.0,0.0
reward_shaped,73.0,0.85,0.95,0.96,0.2,-0.195,0.782,0.02,0.9,0.04,0.04,1.3788115969219825,0.0,0.0
reward_shaped,74.0,0.85,0.95,0.96,0.2,-0.195,0.782,0.02,0.9,0.04,0.04,1.3788115969219825,0.0,0.0
reward_shaped,75.0,0.85,0.95,0.96,0.2,-0.195,0.782,0.02,0.9,0.04,0.04,1.3788115969219825,0.0,0.0
reward_shaped,76.0,0.85,0.95,0.96,0.2,-0.195,0.782,0.02,0.9,0.04,0.04,1.3788115969219825,0.0,0.0
reward_shaped,77.0,0.85,0.95,0.96,0.2,-0.195,0.782,0.02,0.9,0.04,0.04,1.3788115969219825,0.0,0.0
reward_shaped,78.0,0.85,0.95,0.96,0.2,-0.195,0.782,0.02,0.9,0.04,0.04,1.3788115969219825,0.0,0.0
reward_shaped,79.0,0.85,0.95,0.96,0.2,-0.195,0.782,0.02,0.9,0.04,0.04,1.3788115969219825,0.0,0.0
collapse_emergence,0.0,0.3500000000322392,0.1,0.94,0.88,0.25000000003259093,0.30000000003810084,0.24999999998710432,0.24999999999003514,0.25000000003575623,0.24999999998710432,0.0,0.0,0.0
collapse_emergence,1.0,0.35000000005215376,0.1,0.94,0.88,0.2500000000527227,0.3000000000616363,0.2499999999791385,0.24999999998387976,0.2500000000578433,0.2499999999791385,4.005081144691071e-17,4.005081144691071e-17,3.097105492898943e-11
collapse_emergence,2.0,0.35000000008436977,0.1,0.94,0.88,0.25000000008529016,0.30000000009970973,0.24999999996625208,0.24999999997392205,0.25000000009357376,0.24999999996625208,-4.001396716160402e-17,0.0,5.010214606338993e-11
collapse_emergence,3.0,0.35000000013648597,0.1,0.94,0.88,0.25000000013797496,0.3000000001613017,0.2499999999454056,0.2499999999578134,0.2500000001513754,0.2499999999454056,8.351738268331895e-20,4.009748454428734e-17,8.105095323785292e-11
collapse_emergence,4.0,0.35000000022079497,0.1,0.94,0.88,0.25000000022320373,0.30000000026093965,0.249999999911682,0.24999999993175429,0.2500000002448818,0.249999999911682,1.203550382666418e-16,1.2027152088395848e-16,1.3111699720726024e-10
collapse_emergence,5.0,0.35000000035718265,0.1,0.94,0.88,0.25000000036107917,0.30000000042212494,0.24999999985712693,0.2499999998895981,0.25000000039614806,0.24999999985712693,6.00844687461095e-19,0.0,2.1210924534387736e-10
collapse_emergence,6.0,0.3500000005778186,0.1,0.94,0.88,0.25000000058412214,0.3000000006828766,0.24999999976887252,0.2499999998214015,0.2500000006408534,0.24999999976887252,-3.8462445644367414e-17,0.0,3.431320254104228e-10
collapse_emergence,7.0,0.350000000934744,0.1,0.94,0.88,0.25000000094494124,0.3000000011046975,0.2499999996261024,0.2499999997110791,0.2500000010367161,0.2499999996261024,4.143835414646792e-18,4.2606281059014206e-17,5.550885533310913e-10
collapse_emergence,8.0,0.3500000015121464,0.1,0.94,0.88,0.25000000152864255,0.3000000017870821,0.24999999939514145,0.2499999995326093,0.25000000167710784,0.24999999939514145,5.089519358980481e-17,4.675135817515802e-17,8.979732467409689e-10
collapse_emergence,9.0,0.350000002446217,0.1,0.94,0.88,0.250000002472903,0.3000000028909838,0.24999999902151318,0.24999999924389654,0.25000000271307704,0.24999999902151318,-5.1677144897041627e-17,0.0,1.4526619493666196e-09
collapse_emergence,10.0,0.350000003957274,0.1,0.94,0.88,0.25000000400044425,0.3000000046767784,0.2499999984170904,0.24999999877684256,0.2500000043889766,0.2499999984170904,3.430999183491843e-17,8.598713673196006e-17,2.3499882421028843e-09
collapse_emergence,11.0,0.3500000064017287,0.1,0.94,0.88,0.2500000064715657,0.3000000075656794,0.2499999974393085,0.24999999802128384,0.2500000071000991,0.2499999974393085,1.5454584513676568e-16,1.2023585330184725e-16,3.801603657644476e-09
collapse_emergence,12.0,0.35000001035615175,0.1,0.94,0.88,0.25000001046912795,0.30000001223908845,0.2499999958575393,0.24999999679900764,0.2500000114859138,0.2499999958575393,5.092448510995059e-16,3.5469900596274025e-16,6.149898851538087e-09
collapse_emergence,13.0,0.3500000167532683,0.1,0.94,0.88,0.25000001693603124,0.3000000197993172,0.24999999329869269,0.2499999948217171,0.2500000185808976,0.24999999329869269,1.412782968391266e-15,9.0353811729176e-16,9.94876356548703e-09
collapse_emergence,14.0,0.35000002710195866,0.1,0.94,0.88,0.25000002739761645,0.3000000320295876,0.24999998915921653,0.24999999162303096,0.25000003005853605,0.24999998915921653,3.607793643939492e-15,2.195010675548226e-15,1.6094231243876094e-08
collapse_emergence,15.0,0.35000004384315603,0.1,0.94,0.88,0.250000044321445,0.30000005181463896,0.24999998246273758,0.24999998644847904,0.2500000486260458,0.24999998246273758,9.127196760110025e-15,5.519403116170533e-15,2.6035825914811408e-08
collapse_emergence,16.0,0.3500000709255857,0.1,0.94,0.88,0.25000007169931937,0.3000000838211468,0.2499999716297657,0.24999997807754623,0.25000007866292234,0.2499999716297657,2.384575707481329e-14,1.4718560314703266e-14,4.2118458518098344e-08
collapse_emergence,17.0,0.3500001147371451,0.1,0.94,0.88,0.25000011598882305,0.3000001355984442,0.24999995410514195,0.2499999645357915,0.25000012725392456,0.24999995410514195,6.246888416038106e-14,3.862312708556777e-14,6.813551688556802e-08
collapse_emergence,18.0,0.35000018561160523,0.1,0.94,0.88,0.25000018763645915,0.30000021935916993,0.24999992575535787,0.2499999426291402,0.25000020586014404,0.24999992575535787,1.6346514697402583e-13,1.0099626281364477e-13,1.1022360426049774e-07
collapse_emergence,19.0,0.3500003002660144,0.1,0.94,0.88,0.2500003035416437,0.30000035485983534,0.24999987989359423,0.24999990719050463,0.25000033302230695,0.24999987989359423,4.2810103146029063e-13,2.646358844862648e-13,1.783099608400393e-07
collapse_emergence,20.0,0.3500004857436995,0.1,0.94,0.88,0.2500004910427217,0.30000057406073577,0.24999980570252017,0.24999984986103832,0.2500005387339213,0.24999980570252017,1.1202156151348463e-12,6.921145836745556e-13,2.884539633977345e-07
collapse_emergence,21.0,0.3500007857928674,0.1,0.94,0.88,0.25000079436515327,0.3000009286642979,0.24999968568285302,0.24999975711856826,0.2500008715157257,0.24999968568285302,2.9316646369400713e-12,1.811449021805225e-12,4.666349577127577e-07
collapse_emergence,22.0,0.3500012711852424,0.1,0.94,0.88,0.25000128505271774,0.3000015023098319,0.24999949152590306,0.24999960708819782,0.2500014098599961,0.24999949152590306,7.672352127673723e-12,4.740687490733652e-12,7.54879781571034e-07
collapse_emergence,23.0,0.35000205640838256,0.1,0.94,0.88,0.25000207884192854,0.30000243030081575,0.24999917743664699,0.24999936438286358,0.25000228074384245,0.24999917743664699,2.007885364910959e-11,1.2406501521435868e-11,1.2211750805151691e-06
collapse_emergence,24.0,0.350003326668345,0.1,0.94,0.88,0.25000336295927245,0.30000393151713506,0.249998669332662,0.249998971757057,0.25000368957761904,0.249998669332662,5.254644904967442e-11,3.246759540056483e-11,1.9755019084466266e-06
collapse_emergence,25.0,0.35000538157040373,0.1,0.94,0.88,0.25000544027844446,0.30000636003774983,0.2499978473718385,0.24999833660551157,0.25000596865081137,0.2499978473718385,1.3751315645061627e-10,8.496670740094185e-11,3.195773352223204e-06
collapse_emergence,26.0,0.3500087057771222,0.1,0.94,0.88,0.2500088007492363,0.3000102886456899,0.24999651768915113,0.24999730912343496,0.2500096554982628,0.24999651768915113,3.598671884887911e-10,2.223540320381748e-10,5.169789578864693e-06
collapse_emergence,27.0,0.3500140833003487,0.1,0.94,0.88,0.25001423693635255,0.3000166439004122,0.2499943666798605,0.2499956469798922,0.2500156196603868,0.2499943666798605,9.41748581799504e-10,5.818813933107129e-10,8.36309709068418e-06
collapse_emergence,28.0,0.35002278236027234,0.1,0.94,0.88,0.2500230308951117,0.3000269246075946,0.24999088705589106,0.2499929581795522,0.25002526770866573,0.24999088705589106,2.4644532509641e-09,1.522704669164596e-09,1.3528734265538545e-05
collapse_emergence,29.0,0.3500368543491841,0.1,0.94,0.88,0.25003725639662977,0.3000435551399448,0.24998525826032636,0.2499886086557067,0.25004087482364057,0.24998525826032636,6.449040950805144e-09,3.984587699841044e-09,2.1884686419764645e-05
collapse_emergence,30.0,0.3500596172465094,0.1,0.94,0.88,0.2500602676164714,0.3000704567458748,0.24997615310139623,0.24998157285107891,0.2500661209461287,0.24997615310139623,1.6875323058215043e-08,1.04262821074099e-08,3.540074349800537e-05
collapse_emergence,31.0,0.35009643706378124,0.1,0.94,0.88,0.25009748910447704,0.3001139710753778,0.2499614251744875,0.24997019218028577,0.2501069574707392,0.2499614251744875,4.415508988992031e-08,2.7279766831705266e-08,5.726199473867418e-05
collapse_emergence,32.0,0.3501559904771105,0.1,0.94,0.88,0.25015769219140627,0.3001843523820397,0.24993760380915578,0.2499517847616204,0.25017300762006806,0.24993760380915578,1.1552176754908304e-07,7.136667765916273e-08,9.261716905222073e-05
collapse_emergence,33.0,0.3502523034273487,0.1,0.94,0.88,0.2502550558283744,0.30029817677777576,0.24989907862906052,0.24992201530427402,0.25027982743760496,0.24989907862906052,3.0218517847621596e-07,1.8666341092713292e-07,0.0001497854160735676
collapse_emergence,34.0,0.3504080385981587,0.1,0.94,0.88,0.25041248992832044,0.30048222743418757,0.2498367845607365,0.24987387897875094,0.25045255189977605,0.2498367845607365,7.90247913733512e-07,4.880627352572961e-07,0.00024219855480874224
collapse_emergence,35.0,0.3506597864772089,0.1,0.94,0.88,0.2506669841478694,0.3007797476548833,0.24973608540911643,0.2497960659979536,0.25073176318381357,0.24973608540911643,2.0656705270234873e-06,1.2754226132899752e-06,0.0003915170360363459
collapse_emergence,36.0,0.3510665540128992,0.1,0.94,0.88,0.25107818914758545,0.3012604729243355,0.24957337839484028,0.2496703378505584,0.251182905359761,0.24957337839484028,5.395700836831492e-06,3.330030309808005e-06,0.0006326028268047409
collapse_emergence,37.0,0.3517233126844178,0.1,0.94,0.88,0.2517421124591569,0.3020366422634029,0.24931067492623285,0.24946733971572538,0.25191131043180887,0.24931067492623285,1.4077745079829683e-05,8.68204424299819e-06,0.001021387784612821
collapse_emergence,38.0,0.3527824378642143,0.1,0.94,0.88,0.2528127917318239,0.3032883356577078,0.24888702485431427,0.24913997375106103,0.2530859765403104,0.24888702485431427,3.66615153897167e-05,2.2583770309887014e-05,0.0016471461557085179
collapse_emergence,39.0,0.3544871601290366,0.1,0.94,0.88,0.25453611096680784,0.30530300742522504,0.24820513594838536,0.2486130595964796,0.25497666850674966,0.24820513594838536,9.518965544172463e-05,5.8528140052007934e-05,0.002651175497113801
collapse_emergence,40.0,0.3572225331516949,0.1,0.94,0.88,0.2573013244224407,0.30853572099745763,0.24711098673932205,0.2477675806622034,0.25801044585915256,0.24711098673932205,0.000245975863717066,0.0001507862082753414,0.004254038374922092
collapse_emergence,41.0,0.3615899623513941,0.1,0.94,0.88,0.2617163983043185,0.31369722823346585,0.24536401505944233,0.24641764800047816,0.2628543218806372,0.24536401505944233,0.000630804446571734,0.000384828582854668,0.006792203937589375
collapse_emergence,42.0,0.3685082990507976,0.1,0.94,0.88,0.2687102077677155,0.3218734443327608,0.24259668037968093,0.24427925302066253,0.2705273862199756,0.24259668037968093,0.0015984718638310889,0.0009676674172593549,0.01075936245846713
collapse_emergence,43.0,0.37933138456599425,0.1,0.94,0.88,0.27965136330671425,0.33466436357799323,0.2382674461736023,0.24093393567960175,0.28253117197319366,0.2382674461736023,0.003976264358681767,0.002377792494850678,0.016832008188764052
collapse_emergence,44.0,0.39593646658095505,0.1,0.94,0.88,0.29643759167092915,0.35428855141385607,0.23162541336761797,0.23580145578406844,0.30094771748069565,0.23162541336761797,0.009617967631628328,0.005641703272946561,0.02582414008080036
collapse_emergence,45.0,0.4206661668190179,0.1,0.94,0.88,0.32143707045704356,0.3835145607861121,0.2217335332723928,0.2281577302559399,0.32837520319927443,0.2217335332723928,0.022330549532108005,0.012712581900479678,0.03845950550130076
collapse_emergence,46.0,0.4559116971713837,0.1,0.94,0.88,0.35706709750416243,0.42516836938436253,0.20763532113144653,0.21726365723793595,0.36746570049917104,0.20763532113144653,0.04896095306593225,0.026630403533824242,0.05481367163507752
collapse_emergence,47.0,0.5031207708993033,0.1,0.94,0.88,0.40479117930911396,0.4809609110628131,0.18875169164027866,0.20267176172203352,0.4198248549974092,0.18875169164027866,0.09955002257564746,0.050589069509715215,0.07341931415552277
collapse_emergence,48.0,0.5613577031483126,0.1,0.94,0.88,0.46366342354629414,0.5497863764480058,0.16545691874067497,0.18467125539052157,0.48441490712812846,0.16545691874067497,0.18453884016635164,0.08498881759070417,0.09056978429371769
collapse_emergence,49.0,0.6263227746083234,0.1,0.94,0.88,0.5293372048767779,0.626563279082564,0.13947089015667066,0.16459114239379097,0.5564670772928678,0.13947089015667066,0.30825369551040777,0.12371485534405613,0.10103335257428926
collapse_emergence,50.0,0.6911405353152474,0.1,0.94,0.88,0.5948620684277773,0.703166087190747,0.11354378587390104,0.1445565618116508,0.6283558664405472,0.11354378587390104,0.46267362974658516,0.1544199342361774,0.10080425563157636
collapse_emergence,51.0,0.7489960552518207,0.1,0.94,0.88,0.6533487394909314,0.7715407925703336,0.09040157789927172,0.12667394655852815,0.6925228976429284,0.09040157789927172,0.6283897564951609,0.16571612674857578,0.08997661378266493
collapse_emergence,52.0,0.7957239604113698,0.1,0.94,0.88,0.7005864036158574,0.8267646804861644,0.07171041583545207,0.11223077587284933,0.7443483924562465,0.07171041583545207,0.7835658842473514,0.15517612775219047,0.07267100321668583
collapse_emergence,53.0,0.8305103462634684,0.1,0.94,0.88,0.7357522773136153,0.8678758637659172,0.057795861494612646,0.10147862024583705,0.7829296567649376,0.057795861494612646,0.9132184551871804,0.12965257093982896,0.05409961241624641
collapse_emergence,54.0,0.8548670912402876,0.1,0.94,0.88,0.7603747322356361,0.8966611078294309,0.04805316350388496,0.09395017179845656,0.8099435011937736,0.04805316350388496,1.0122651833713392,0.09904672818415883,0.037879487353751226
collapse_emergence,55.0,0.8711983008779659,0.1,0.94,0.88,0.7768841005239073,0.9159616283103234,0.04152067964881364,0.08890234336499236,0.8280562973373804,0.04152067964881364,1.0830271861204777,0.07076200274913846,0.02539821513632651
collapse_emergence,56.0,0.8818327556763366,0.1,0.94,0.88,0.787634567556442,0.9285296203447615,0.03726689772946537,0.08561533006367779,0.8398508744773915,0.03726689772946537,1.1312044507300256,0.048177264609547965,0.01653865064614752
collapse_emergence,57.0,0.888626335443681,0.1,0.94,0.88,0.7945022591030665,0.9365583964334412,0.03454946582252762,0.0835154963174077,0.8473855720375371,0.03454946582252762,1.1629260469153841,0.031721596185358525,0.010565341104845222
collapse_emergence,58.0,0.8929133302650748,0.1,0.94,0.88,0.7988360211406936,0.9416248448587248,0.032834667893970104,0.08219042519079509,0.8521402390212647,0.032834667893970104,1.1833469438721036,0.020420896956719448,0.006667112796768681
collapse_emergence,59.0,0.8955976653956399,0.1,0.94,0.88,0.8015496399272286,0.9447972409221198,0.03176093384174405,0.08136072160498405,0.8551174107115278,0.03176093384174405,1.1962995524414841,0.01295260856938052,0.004174664501691108
collapse_emergence,60.0,0.8972703227515942,0.1,0.94,0.88,0.8032405444543388,0.9467740177973387,0.03109187089936232,0.08084371842223453,0.8569725397790409,0.03109187089936232,1.2044370341851214,0.008137481743637265,0.0026013083120233842
collapse_emergence,61.0,0.898309426833515,0.1,0.94,0.88,0.8042909842171533,0.948002049894154,0.03067622926659401,0.08052254079691355,0.8581250006698984,0.03067622926659401,1.2095184605610867,0.0050814263759653144,0.0016160094449323022
collapse_emergence,62.0,0.8989537322046891,0.1,0.94,0.88,0.8049423183741947,0.9487635016964507,0.030418507118124376,0.08032339186400521,0.8588395938997461,0.030418507118124376,1.2126794397326282,0.003160979171541456,0.00100202047451625
collapse_emergence,63.0,0.8993527720067047,0.1,0.94,0.88,0.8053457113376868,0.949235094189742,0.03025889119731814,0.08020005228883674,0.859282165316527,0.03025889119731814,1.214641082828481,0.001961643095852894,0.000620584694238887
collapse_emergence,64.0,0.899599731566856,0.1,0.94,0.88,0.8055953650021308,0.9495269554881026,0.030160107373257576,0.08012371933388086,0.859556065919604,0.030160107373257576,1.2158566314196655,0.0012155485911844455,0.0003840702665542804
collapse_emergence,65.0,0.8997525024518295,0.1,0.94,0.88,0.8057498024785767,0.9497075028976167,0.030098999019268206,0.0800764992421618,0.8597255027193018,0.030098999019268206,1.2166091608965823,0.0007525294769168411,0.0002375885123764434
collapse_emergence,66.0,0.8998469813422983,0.1,0.94,0.88,0.8058453120478506,0.9498191597681708,0.030061207463080684,0.0800472966760169,0.8598302883978217,0.030061207463080684,1.2170747749176634,0.0004656140210810289,0.00014693309553941663
collapse_emergence,67.0,0.8999054003816359,0.1,0.94,0.88,0.8059043683857992,0.9498882004510243,0.030037839847345642,0.08002923988203982,0.8598950804232689,0.030037839847345642,1.2173627630608483,0.00028798814318498067,9.085299632248959e-05
collapse_emergence,68.0,0.899941518734067,0.1,0.94,0.88,0.8059408807566204,0.9499308857766247,0.030023392506373186,0.08001807602765201,0.8599351389596016,0.030023392506373186,1.2175408482829873,0.00017808522213891287,5.61710801444825e-05
collapse_emergence,69.0,0.8999638479228456,0.1,0.94,0.88,0.8059634535365493,0.9499572748179084,0.030014460830861796,0.0800111742783932,0.8599599040598832,0.030014460830861796,1.2176509571307232,0.00011010884773599017,3.472624214613527e-05
collapse_emergence,70.0,0.899977651776168,0.1,0.94,0.88,0.8059774079773626,0.9499735884627439,0.03000893928953282,0.08000690763282083,0.8599752137881136,0.03000893928953282,1.2177190309480292,6.807381730600248e-05,2.146768329916329e-05
collapse_emergence,71.0,0.8999861850725799,0.1,0.94,0.88,0.8059860343642806,0.9499836732675944,0.03000552597096806,0.08000427006847532,0.8599846779895886,0.03000552597096806,1.2177611147971612,4.208384913195751e-05,1.3270939685284297e-05
collapse_emergence,72.0,0.8999914601227205,0.1,0.94,0.88,0.8059913669604227,0.9499899074177606,0.03000341595091184,0.08000263959843187,0.8599905284997444,0.03000341595091184,1.2177871305783876,2.6015781226407242e-05,8.203731462548259e-06
collapse_emergence,73.0,0.8999947209829885,0.1,0.94,0.88,0.8059946633937121,0.9499937611617137,0.03000211160680459,0.08000163169616718,0.8599941450902236,0.03000211160680459,1.217803212934511,1.6082356123492403e-05,5.071273497620422e-06
collapse_emergence,74.0,0.8999967367262309,0.1,0.94,0.88,0.8059967011268807,0.9499961434037276,0.030001305309507613,0.08000100864825589,0.8599963807327289,0.030001305309507613,1.2178131545543667,9.941619855569073e-06,3.1348737581093623e-06
collapse_emergence,75.0,0.8999979827796036,0.1,0.94,0.88,0.8059979607735628,0.9499976160122588,0.030000806888158572,0.08000062350448617,0.8599977627191967,0.030000806888158572,1.217819300112608,6.145558241410498e-06,1.9378559414726785e-06
collapse_emergence,76.0,0.8999987530391577,0.1,0.94,0.88,0.8059987394359485,0.9499985263190046,0.030000498784336936,0.08000038542426037,0.8599986170070658,0.030000498784336936,1.217823099061841,3.7989492329693064e-06,1.1979037867255597e-06
collapse_emergence,77.0,0.8999992291816435,0.1,0.94,0.88,0.805999220772716,0.9499990890328516,0.03000030832734258,0.08000023825294654,0.8599991450923683,0.03000030832734258,1.2178254474202672,2.3483584261629886e-06,7.404944006300177e-07
collapse_emergence,78.0,0.8999995235129107,0.1,0.94,0.88,0.8059995183148696,0.9499994368788944,0.030000190594835753,0.08000014727782764,0.8599994715325009,0.030000190594835753,1.217826899078892,1.4516586248625174e-06,4.5774250697384474e-07
collapse_emergence,79.0,0.8999997054560286,0.1,0.94,0.88,0.8059997022428217,0.9499996519025793,0.030000117817588576,0.0800000910408639,0.859999673323959,0.030000117817588576,1.2178277964335755,8.97354683448981e-07,2.829570225494968e-07
random_instability,0.0,0.35,0.05,0.18,0.1,0.06000000000000004,0.13,0.2,0.2,0.2,0.4,0.0,0.0,0.0
random_instability,1.0,0.35,0.05,0.18,0.1,0.026687637113436503,0.10019420162781159,0.19123358871406224,0.19123358871406224,0.19123358871406224,0.4262992338578133,0.0020647840559759427,0.0020647840559759427,0.04470010221117671
random_instability,2.0,0.35,0.05,0.18,0.1,-0.004501039157318448,0.07228854391187291,0.18302604232702147,0.18302604232702147,0.18302604232702147,0.45092187301893566,0.00769911492189667,0.005634330865920727,0.04185043918623891
random_instability,3.0,0.35,0.05,0.18,0.1,-0.03157772871519477,0.04806203220219416,0.1759005977065277,0.1759005977065277,0.1759005977065277,0.4722982068804169,0.015457686116870248,0.007758571194973578,0.03633278116292242
random_instability,4.0,0.35,0.05,0.18,0.1,-0.05281627351459625,0.029059123697466476,0.1703115069698431,0.1703115069698431,0.1703115069698431,0.48906547909047077,0.023395575386888037,0.00793788927001779,0.028498882729595477
random_instability,5.0,0.35,0.05,0.18,0.1,-0.06686270135357097,0.016491267209962808,0.16661507859116553,0.16661507859116553,0.16661507859116553,0.5001547642265034,0.029537444906868673,0.006141869519980636,0.01884816043347499
random_instability,6.0,0.35,0.05,0.18,0.1,-0.07282154255609709,0.011159672449807815,0.1650469624852376,0.1650469624852376,0.1650469624852376,0.5048591125442872,0.03235737109702848,0.002819926190159805,0.007995854623705652
random_instability,7.0,0.35,0.05,0.18,0.1,-0.07031291679514363,0.013404232341187292,0.16570712715917274,0.16570712715917274,0.16570712715917274,0.5028786185224818,0.031154638173830247,0.0,0.003366192554579839
random_instability,8.0,0.35,0.05,0.18,0.1,-0.059496750731294026,0.023081854608842153,0.16855348664965947,0.16855348664965947,0.16855348664965947,0.49433954005102165,0.026228139921276934,0.0,0.014513642584691865
random_instability,9.0,0.35,0.05,0.18,0.1,-0.04106258257540399,0.03957558401148058,0.17340458353278843,0.17340458353278843,0.17340458353278843,0.4797862494016348,0.018801837801503872,0.0,0.02473583766940367
random_instability,10.0,0.35,0.05,0.18,0.1,-0.016185603541604088,0.06183393367330162,0.17995115696273578,0.17995115696273578,0.17995115696273578,0.4601465291117927,0.01072178613642747,0.0,0.033381105666469596
random_instability,11.0,0.35,0.05,0.18,0.1,0.013548261420988958,0.08843791811351645,0.18777585826868132,0.18777585826868132,0.18777585826868132,0.4366724251939561,0.004005241374204223,0.0,0.03989830464705125
random_instability,12.0,0.35,0.05,0.18,0.1,0.04624345746169277,0.11769151457098828,0.19637985722676127,0.19637985722676127,0.19637985722676127,0.41086042831971625,0.00035347302035864184,0.0,0.04387195858218165
random_instability,13.0,0.35,0.05,0.18,0.1,0.0798156427861613,0.14772978565077588,0.2052146428384635,0.2052146428384635,0.2052146428384635,0.3843560714846095,0.0007389160891116322,0.00038544306875299035,0.04504874423247849
random_instability,14.0,0.35,0.05,0.18,0.1,0.11212456691502187,0.17663777039765116,0.2137169912934268,0.2137169912934268,0.2137169912934268,0.3588490261197196,0.005155172755187273,0.004416256666075641,0.0433536406832234
random_instability,15.0,0.35,0.05,0.18,0.1,0.14111051316059034,0.20257256440684396,0.22134487188436588,0.22134487188436588,0.22134487188436588,0.3359653843469024,0.012587318793625506,0.007432146038438232,0.038894711980553956
random_instability,16.0,0.35,0.05,0.18,0.1,0.16492560701760053,0.22388080627890572,0.227612001846737,0.227612001846737,0.227612001846737,0.3171639944597891,0.021223934819042868,0.008636616025417362,0.031956217972352284
random_instability,17.0,0.35,0.05,0.18,0.1,0.1820516194654758,0.2392040805743731,0.2321188472277568,0.2321188472277568,0.2321188472277568,0.3036434583167297,0.028886489904762953,0.007662555085720085,0.02298049254256552
random_instability,18.0,0.35,0.05,0.18,0.1,0.19139675513858667,0.24756551775557753,0.2345780934575228,0.2345780934575228,0.2345780934575228,0.2962657196274316,0.03359180209850586,0.004705312193742907,0.012539744514306403
random_instability,19.0,0.35,0.05,0.18,0.1,0.1923652550504126,0.24843207030826392,0.23483296185537175,0.23483296185537175,0.23483296185537175,0.2955011144338848,0.03410089405801414,0.0005090919595082816,0.00129957893402984
random_instability,20.0,0.35,0.05,0.18,0.1,0.1848953766488819,0.24174849489636802,0.23286720438128472,0.23286720438128472,0.23286720438128472,0.3013983868561459,0.030278782653905892,0.0,0.010023435719360627
random_instability,21.0,0.35,0.05,0.18,0.1,0.16946332994758823,0.22794087416363154,0.22880613945989164,0.22880613945989164,0.22880613945989164,0.3135815816203251,0.023134450145011268,0.0,0.020707449280150437
random_instability,22.0,0.35,0.05,0.18,0.1,0.147052918801745,0.20788945366471923,0.22290866284256447,0.22290866284256447,0.22290866284256447,0.33127401147230656,0.014525736316112842,0.0,0.030071348352708346
random_instability,23.0,0.35,0.05,0.18,0.1,0.11909282271893495,0.182872525590626,0.21555074282077236,0.21555074282077236,0.21555074282077236,0.35334777153768293,0.006638375613593959,0.0,0.03751817777057308
random_instability,24.0,0.35,0.05,0.18,0.1,0.08736551753342962,0.154484936740437,0.20720145198248147,0.20720145198248147,0.20720145198248147,0.37839564405255555,0.0014118258102221275,0.0,0.042573196909106645
random_instability,25.0,0.35,0.05,0.18,0.1,0.05389364131529255,0.12453641591368278,0.19839306350402436,0.19839306350402436,0.19839306350402436,0.404820809487927,6.975886924628872e-05,0.0,0.04491414473495874
random_instability,26.0,0.35,0.05,0.18,0.1,0.020811049767660503,0.09493620242369621,0.18968711835991064,0.18968711835991064,0.18968711835991064,0.430938644920268,0.002854420189621277,0.002784661320374988,0.04439178417410409
random_instability,27.0,0.35,0.05,0.18,0.1,-0.009773218578480153,0.06757133074557037,0.18163862668987363,0.18163862668987363,0.18163862668987363,0.45508411993037906,0.009001684140346997,0.00614726395072572,0.041039416080507714
random_instability,28.0,0.35,0.05,0.18,0.1,-0.03590939505729869,0.04418633073820643,0.1747606855112372,0.1747606855112372,0.1747606855112372,0.4757179434662885,0.01694470008966225,0.007943015949315253,0.035070756283210644
random_instability,29.0,0.35,0.05,0.18,0.1,-0.055931279994953974,0.026272012636093793,0.16949176842238053,0.16949176842238053,0.16949176842238053,0.4915246947328584,0.0246963785659799,0.00775167847631765,0.026866311051582575
random_instability,30.0,0.35,0.05,0.18,0.1,-0.06856246411330048,0.014970426845994304,0.16616777260176302,0.16616777260176302,0.16616777260176302,0.5014966821947109,0.030328810936163894,0.005632432370183994,0.016949119552429497
random_instability,31.0,0.35,0.05,0.18,0.1,-0.07299770052110773,0.011002057428482533,0.16500060512602427,0.16500060512602427,0.16500060512602427,0.5049981846219271,0.03244267868403476,0.002113867747870868,0.005951409734422727
random_instability,32.0,0.35,0.05,0.18,0.1,-0.06895423977099244,0.014619890731217323,0.16606467374447567,0.16606467374447567,0.16606467374447567,0.501805978766573,0.030512685274028714,0.0,0.0054257066492853995
random_instability,33.0,0.35,0.05,0.18,0.1,-0.056689855335998726,0.025593287330948525,0.16929214333263193,0.16929214333263193,0.16929214333263193,0.49212357000210427,0.025018440004215756,0.0,0.016456930409535924
random_instability,34.0,0.35,0.05,0.18,0.1,-0.036986410368986894,0.04322268545932749,0.17447726042921397,0.17447726042921397,0.17447726042921397,0.47656821871235805,0.017324930267500052,0.0,0.026439013255735465
random_instability,35.0,0.35,0.05,0.18,0.1,-0.011100013375506666,0.06638419855875714,0.18128947016434035,0.18128947016434035,0.18128947016434035,0.45613158950697896,0.009345368098721985,0.0,0.03473559037009611
random_instability,36.0,0.35,0.05,0.18,0.1,0.01931905958885998,0.09360126384266415,0.18929448936548945,0.18929448936548945,0.18929448936548945,0.4321165319035316,0.003075067600127313,0.0,0.040817749113344286
random_instability,37.0,0.35,0.05,0.18,0.1,0.05233157118031638,0.12313877421396727,0.19798199241587272,0.19798199241587272,0.19798199241587272,0.4060540227523818,0.00010997735972427666,0.0,0.044297747578301114
random_instability,38.0,0.35,0.05,0.18,0.1,0.08583295051448123,0.1531136925655885,0.20679814487223191,0.20679814487223191,0.20679814487223191,0.3796055653833043,0.0012576460226575367,0.00114766866293326,0.0449537334097844
random_instability,39.0,0.35,0.05,0.18,0.1,0.11768746104377453,0.1816150967233772,0.2151809108009933,0.2151809108009933,0.2151809108009933,0.3544572675970201,0.006323902570265841,0.005066256547608304,0.042743887048635076
random_instability,40.0,0.35,0.05,0.18,0.1,0.1458643552677993,0.20682600208171514,0.22259588296521035,0.22259588296521035,0.22259588296521035,0.332212351104369,0.0141265913125082,0.00780268874224236,0.03780908775809004
random_instability,41.0,0.35,0.05,0.18,0.1,0.16856733631796136,0.22713919565291277,0.2285703516626214,0.2285703516626214,0.2285703516626214,0.3142889450121358,0.022750411691621217,0.008623820379113016,0.030463932471448293
random_instability,42.0,0.35,0.05,0.18,0.1,0.18434907314904608,0.24125969702809388,0.23272344030238057,0.23272344030238057,0.23272344030238057,0.3018296790928584,0.030008639045236943,0.007258227353615726,0.021176680015812386
random_instability,43.0,0.35,0.05,0.18,0.1,0.1922034689135701,0.24828731429108902,0.23479038655620266,0.23479038655620266,0.23479038655620266,0.29562884033139203,0.034015569477775835,0.004006930432538892,0.010539399281786418
random_instability,44.0,0.35,0.05,0.18,0.1,0.1916298003450038,0.24777403188763494,0.23463942114342207,0.23463942114342207,0.23463942114342207,0.2960817365697339,0.033713932483052496,0.0,0.0007697755856459136
random_instability,45.0,0.35,0.05,0.18,0.1,0.18266463921897047,0.23975257193276306,0.23228016821551856,0.23228016821551856,0.23228016821551856,0.3031594953534444,0.029183709433014432,0.0,0.012029876716880864
random_instability,46.0,0.35,0.05,0.18,0.1,0.16587952087677163,0.2247343081529009,0.22786303180967674,0.22786303180967674,0.22786303180967674,0.31641090457096976,0.02161844627662545,0.0,0.022523064727588457
random_instability,47.0,0.35,0.05,0.18,0.1,0.14234450844450464,0.20367666545034627,0.22166960748539596,0.22166960748539596,0.22166960748539596,0.33499117754381214,0.01297810710454466,0.0,0.03158039148546792
random_instability,48.0,0.35,0.05,0.18,0.1,0.11355997555448986,0.17792208339085933,0.21409473040907628,0.21409473040907628,0.21409473040907628,0.3577158087727712,0.0054451394806836785,0.0,0.03862444602522072
random_instability,49.0,0.35,0.05,0.18,0.1,0.08136095646860192,0.14911243473506486,0.20562130433384262,0.20562130433384262,0.20562130433384262,0.38313608699847224,0.0008589757153104095,0.0,0.0432061649046024
random_instability,50.0,0.35,0.05,0.18,0.1,0.04780016135056244,0.11908435489260849,0.19678951614488485,0.19678951614488485,0.19678951614488485,0.4096314515653454,0.0002780902496879291,0.0,0.04503346031541388
random_instability,51.0,0.35,0.05,0.18,0.1,0.015017114546056656,0.08975215512015593,0.18816239856475175,0.18816239856475175,0.18816239856475175,0.4355128043057448,0.003756921721568645,0.003478831471880716,0.043989840887158065
random_instability,52.0,0.35,0.05,0.18,0.1,-0.01489824160245204,0.06298578382938501,0.18028993642040736,0.18028993642040736,0.18028993642040736,0.4591301907387779,0.010364506241383995,0.00660758451981535,0.040141838094032545
random_instability,53.0,0.35,0.05,0.18,0.1,-0.04003878205324643,0.04049161605762164,0.1736740047228299,0.1736740047228299,0.1736740047228299,0.47897798583151036,0.018425256730123525,0.00806075048873953,0.03373476482654454
random_instability,54.0,0.35,0.05,0.18,0.1,-0.05880177963109248,0.023703670856390895,0.16873637378129147,0.16873637378129147,0.16873637378129147,0.4937908786561257,0.02592598522371571,0.007500728493592186,0.02517707652182404
random_instability,55.0,0.35,0.05,0.18,0.1,-0.0699910800144189,0.01369219156604624,0.16579182104883713,0.16579182104883713,0.16579182104883713,0.5026245368534886,0.031001975385245885,0.005075990161530174,0.015014331841587507
random_instability,56.0,0.35,0.05,0.18,0.1,-0.07289335741648248,0.0110954170484104,0.16502806383776777,0.16502806383776777,0.16502806383776777,0.5049158084866967,0.03239213522666694,0.0013901598414210528,0.0038944129228898937
random_instability,57.0,0.35,0.05,0.18,0.1,-0.06732358960709477,0.01607889350944154,0.16649379220865929,0.16649379220865929,0.16649379220865929,0.5005186233740222,0.02975099583704556,0.0,0.0074737775648023586
random_instability,58.0,0.35,0.05,0.18,0.1,-0.05363685321021734,0.028324920811910795,0.17009556494467964,0.17009556494467964,0.17009556494467964,0.48971330516596107,0.023734856033376855,0.0,0.01836550946449435
random_instability,59.0,0.35,0.05,0.18,0.1,-0.03270568731889313,0.04705280608309559,0.17560376649502812,0.17560376649502812,0.17560376649502812,0.4731887005149157,0.015838385358064325,0.0,0.028086427190028893
random_instability,60.0,0.35,0.05,0.18,0.1,-0.005864468513013345,0.0710686334357249,0.18266724512815438,0.18266724512815438,0.18266724512815438,0.4519982646155368,0.008026299360226096,0.0,0.03601681538415651
random_instability,61.0,0.35,0.05,0.18,0.1,0.025175656588247927,0.09884137694737974,0.19083569910217052,0.19083569910217052,0.19083569910217052,0.4274929026934885,0.0022558311985301158,0.0,0.04165110620939275
random_instability,62.0,0.35,0.05,0.18,0.1,0.05843585812958909,0.1286005046422639,0.19958838371831292,0.19958838371831292,0.19958838371831292,0.4012348488450612,4.581550135748726e-06,0.0,0.044630109654033516
random_instability,63.0,0.35,0.05,0.18,0.1,0.09179577481772856,0.15844885115270446,0.20836730916256013,0.20836730916256013,0.20836730916256013,0.37489807251231955,0.0019080542815711112,0.0019034727314353626,0.04476391214859281
random_instability,64.0,0.35,0.05,0.18,0.1,0.12312868844848626,0.1864835633486456,0.21661281274960165,0.21661281274960165,0.21661281274960165,0.35016156175119506,0.00758471602320995,0.005676661741638838,0.04204398368972394
random_instability,65.0,0.35,0.05,0.18,0.1,0.15043710369141955,0.21091740856600694,0.22379923781353145,0.22379923781353145,0.22379923781353145,0.3286022865594056,0.015693651895375735,0.008108935872165785,0.03664372163395037
random_instability,66.0,0.35,0.05,0.18,0.1,0.17198008982516666,0.2301927119488333,0.22946844469083333,0.22946844469083333,0.22946844469083333,0.3115946659275,0.02423113071748461,0.008537478822108875,0.02890739649395667
random_instability,67.0,0.35,0.05,0.18,0.1,0.18638426629811175,0.24308065931936312,0.23325901744687152,0.23325901744687152,0.23325901744687152,0.3002229476593855,0.031021502356871414,0.006790371639386804,0.019328204450731867
random_instability,68.0,0.35,0.05,0.18,0.1,0.19273135670664157,0.24875963494804776,0.23492930439648463,0.23492930439648463,0.23492930439648463,0.2952120868105461,0.03429439025591101,0.003272887899039595,0.00851682574937666
random_instability,69.0,0.35,0.05,0.18,0.1,0.19061672956316605,0.24686760013546433,0.2343728235692542,0.2343728235692542,0.2343728235692542,0.2968815292922373,0.033184723062579656,0.0,0.0028375065969881105
random_instability,70.0,0.35,0.05,0.18,0.1,0.18017519383867656,0.23752517343460533,0.23162505101017805,0.23162505101017805,0.23162505101017805,0.3051248469694659,0.027986640808086827,0.0,0.014010945897644225
random_instability,71.0,0.35,0.05,0.18,0.1,0.16207240479581803,0.2213279411331003,0.22686115915679422,0.22686115915679422,0.22686115915679422,0.3194165225296174,0.020066463247225358,0.0,0.024291177521049832
random_instability,72.0,0.35,0.05,0.18,0.1,0.13746242799667774,0.19930848820755376,0.22038484947280992,0.22038484947280992,0.22038484947280992,0.3388454515815702,0.011467882711881032,0.0,0.033022829454705784
random_instability,73.0,0.35,0.05,0.18,0.1,0.10791416680970314,0.17287057030341857,0.21260899126571134,0.21260899126571134,0.21260899126571134,0.36217302620286596,0.004351040344624652,0.0,0.03964925273292627
random_instability,74.0,0.35,0.05,0.18,0.1,0.07531134371404963,0.14369962332309705,0.20402930097738148,0.20402930097738148,0.20402930097738148,0.38791209706785557,0.00044069981536366907,0.0,0.0437480082007765
random_instability,75.0,0.35,0.05,0.18,0.1,0.04173241166370313,0.11365531569910277,0.19519273991150082,0.19519273991150082,0.19519273991150082,0.41442178026549753,0.0006227306903376171,0.00018203087497394802,0.045057797307979756
random_instability,76.0,0.35,0.05,0.18,0.1,0.00931805124656633,0.08465299322061197,0.1866626450648859,0.1866626450648859,0.1866626450648859,0.4400120648053424,0.004764433519509028,0.004141702829171411,0.04349512007568686
random_instability,77.0,0.35,0.05,0.18,0.1,-0.019865299211977147,0.05854157438928358,0.17898281599684812,0.17898281599684812,0.17898281599684812,0.46305155200945564,0.01177608028377439,0.007011646764265363,0.039159598278981626
random_instability,78.0,0.35,0.05,0.18,0.1,-0.043957180548934105,0.03698568056148,0.17264284722396472,0.17264284722396472,0.17264284722396472,0.4820714583281059,0.019886977256980583,0.008110896973206192,0.0323276244885014
random_instability,79.0,0.35,0.05,0.18,0.1,-0.06142171834677453,0.021359515163412213,0.16804691622453302,0.16804691622453302,0.16804691622453302,0.49585925132640096,0.0270741347137205,0.007187157456739916,0.02343474184922821
